customer_tweet_id,brand_tweet_id,brand_reply,customer_message
1615800,1615803,"@495535 Thanks! Just to confirm, did you watch the video ad that grants you 30 minutes ad-free listening in full after hearing the offer? /MC",@SpotifyCares Also why does my girlfriends account go three or more songs between ads and mine usually one after being a long time premium account
2121315,2121314,@625000 Thanks for clearing that up. Could you send us a DM with your account's email address? We'll take a look backstage /QI https://t.co/ldFdZRiNAt,@SpotifyCares Just the albums my playlists are ok.
1683029,1683031,@511586 Got it. Can you check if updating the app makes a difference? /DV,@SpotifyCares Version 8.2.0.549 and os 11 ( although was like this when I had ios 9)
2692981,2692979,"@756950 Hey Mitchell, glad to hear we could surprise you this year! Be sure to check out that tracks Song Radio for more tunes just like it 🎁 /TB","@SpotifyCares I was surprised to see one of my fav Christmas tracks by @103595 wasn't on the ""Christmas in Canada"" 🇨🇦 playlist @3493. I enjoy hearing it every year! https://t.co/43dMzEE5ev"
1456546,1456545,@458065 Hi Marc! We've sent a reply to your DM. Let's carry on chatting there /LP,@SpotifyCares I lost my premium account subscription with FIDO. What's going on? Music is my life!
2663996,2663995,"@750669 Hey there! Don't worry, help's here. Can you let us know the device you're using along with its Android and Spotify versions? We'll be on the lookout for your reply /MT","So saving an entire album to a playlist on Android no longer automatically names the playlist ""Artist - Album Name""? This is a step backwards @115888 @SpotifyCares!"
1788653,1788652,@537301 Hey Lizzy! You can purchase E-cards for Spotify Premium here: https://t.co/42zVxzQuAV. Let us know if you have any questions /TF,@SpotifyCares Gift**
1372118,1372117,@235785 You're welcome! Let us know if you ever need us again. We'd be... https://t.co/LgAM6ky9Vv /AP,@SpotifyCares thank you!
1578595,1578594,"@486158 Hey! Don't worry, we're on it. Our developers are looking into this, and we'll keep everyone updated /DF",@SpotifyCares y'all need to update for iPhone X! All the major apps had day 1 updates ready
1448180,1448178,"@456065 Hey Lucas! Does logging out of Spotify, restarting your device and logging back in help at all? Keep us posted /TF","@SpotifyCares ...and I get the ""No results found for '[insert search term]'"" message. I've had lots of bugs, but this is new."
1904128,1904127,"@567449 Hey Mikkel, sorry to hear that! Check out the steps under “Downloads unexpectedly removed” at https://t.co/38J7tFlIBF. They should help /AY",@SpotifyCares I am so sick that I am forced to re-download my playlists non-top. I went from  #groovemusic with no problems to this. :/
1702124,1702123,"@516077 We hear you! We’d love to see your vote, and hear your feedback on this idea: https://t.co/8OOl8B2i69 🙂 /VK",@SpotifyCares any word of when you'll up the limit of songs that we can save? i cleared it up last year and i ran into this issue again https://t.co/7zmzUNcWuf
2552706,2552703,"@723973 @725075 @6860 @115888 Hey! Fingers crossed we'll be able to have it to you soon, but there's info about Spotify content here: https://t.co/0i8GpimuDa /KM",@725075 @6860 @115888 Yeah @115888 I tried to listen to take care today hyfr couldn't find it what gives eh? Thank u!
1960908,1960905,"@398465 Hi! Right now, you can only download up to 3,333 songs per device for offline listening, on up to 3 devices. We'll pass on your feedback /DD","Hey @115888 why is there a limit to how large my library can be, even if I'm a premium user?"
1812580,1812579,"@544540 Hi there, that's not cool! Could you DM us your account's username or password? We'll check backstage /RE https://t.co/ldFdZRiNAt","@SpotifyCares ,, you said you sent a password reset to my email, but yet I never got the email"
2027299,2027298,"@599508 @115888 Hey there! Could you let us know your device's make/model, operating system, and Spotify version? We'll see what we can suggest /GU",@115888 why isn’t my Spotify radio nor any searches working and I’m a premium member? Keeps saying an “error occurred.” Restarted my phone
2662920,2662919,@750472 Hey Dyna! We've just sent you a DM. Let's continue chatting there /NS,"@SpotifyCares hi, I sent a message to you. Please kindly help, thanks! 🙂"
2312076,2312075,"@670515 Hi Dita, help's here! Can you DM us your account's email address or username? We'll take a look backstage /GT https://t.co/ldFdZRiNAt","@SpotifyCares i have paid for premium account, but my spotify still labeled as free account. please helpp"
860232,860234,"@324251 Nice! We're glad it's working now. Let us know if you need anything else, we'll be right here /RV",@SpotifyCares It’s ok i found a work around when I didn’t hear back within a few hours.  Thanks anyway
1094849,1094848,@378348 @115888 We've just sent you a DM 🙂 /PX,"@115888 @SpotifyCares am having issues joining a family plan, would you help?"
1827051,1827053,"@548374 OK. Just in case, that link can explain what could've happened and which steps to take next to prevent this from happening in the future /GK",@SpotifyCares Yes that's not cool. Can't agree more. Nope. Everything is fine on my side. Downloading everything again so... Grrrr
1098719,1098718,"@379266 Hi there. We're sorry you feel that way. We appreciate your feedback on this, and we'll be sure to pass it on to the right team /LM","Hey @SpotifyCares, @3072 and @5795. That last tweet is for you too https://t.co/SbaXzWA9bZ"
1272285,1272287,@417820 Awesome! Let us know if you ever need us again. We'd be... https://t.co/LgAM6ky9Vv /NQ,"@SpotifyCares Hey, the issue's all fixed now. My card was charged today. Thanks! 👍"
2653070,2653069,@748203 No worries! You can sort Your Songs by Title with these steps: https://t.co/5hjtm5AdqM. This rearranges the tracks alphabetically. Hope this helps /KB,"@SpotifyCares Done. Thank you. In the meantime, I also have a suggestion that might help those like me with this problem: I'd love to see a way to alphabetize my ""All Songs"" category on the app so I can easily eliminate duplicate songs to allow for more space."
2809046,2809045,@783416 Hey there! Sometimes content gets removed due to licensing changes. Hopefully we'll have them available again soon. Check this out: https://t.co/0i8GpimuDa /AR,@115888 @117168 @SpotifyCares i got issues with u removing Troubadour by George Strait and People are Crazy by Billy Currington
760596,760595,@301744 We'd love to have them on Spotify! Hopefully we will in the future. Check this out: https://t.co/MEjmIRL2eB /BE,Still waiting for the day GOT7 will be on  @117168 @115888
61179,61177,@130007 Hey there! Could you let know what country your Spotify account is set to? We'll check it's availability /GU,"Alright, @115888 time to add No Phun Intended, and Regional at Best to @130008 albums 👍🏼 alright, cool"
2520932,2520929,@718042 Hey there! You can request for verification at https://t.co/aR6VNZNfsw. Hope this helps 😁 /NS,@SpotifyCares hey Spotify. Im an artist trying to get verified. Help please 🙏
689583,689582,@284783 Hey Ericson! We've just sent a DM your way. We'll carry on chatting there 🙂 /Q,Hi @115888 @SpotifyCares please check your dm!!! Badly needed your help
552683,552682,"@248881 Hey, help's here! Can you DM us your account's email address along with a screenshot of the page you're seeing when you clicked on the emailed link for the offer? We'll take a closer look /RR https://t.co/ldFdZRiNAt",@SpotifyCares I received a notification on your annual premium subscription but logged in and can’t find how I can take advantage of this
576176,576174,"@255582 Hey there! Can you let us know your device, operating system, and Spotify version? We'll see what we can suggest /RC",@137949 @SpotifyCares Has a recent update broken playing Spotify on a Sonos Play1 using Spotify Connect from the Spotify app? #whoistoblame
1870997,1870995,@558770 Sorry to hear that! Check out the steps under “Downloads unexpectedly removed” at https://t.co/38J7tFlIBF. They should help with this 🙂 /CG,@115888 can you please stop losing all of my downloaded songs on pc? thank you
1877698,1877697,"@560487 Hey! Unlimited may not be available for you at the moment, but we can take a closer look at your account if you DM us your username /MT https://t.co/ldFdZRiNAt",@115888 how do I sign up for unlimited on my iPhone
2230792,2230791,@152929 Can you let us know your exact Spotify version? We'll see what we can suggest /JP,Still not fixed the sharing function on androids/Pixels 🙃 @SpotifyCares
1799488,1799486,@248048 Hi! Our friends in Artist Support are the right folks to help with this. You can get in touch with them here: https://t.co/p1wbtdELHu /MT,@SpotifyCares I have access to an artist’s account that I shouldn’t have access to in spotify for artists &amp; dont see how I can delete myself
1102951,1102950,"@380269 Hey Cameron! Does logging out, restarting your device, and logging back in help at all? /LO",@115888 why do my playlists always have 1 or 2 less songs in them than the mobile app says?  PC has the correct number...
2598010,2598011,"@659498 Thanks for giving it a shot. Just to check, are you able to play that track with Offline Mode enabled? /RH",@SpotifyCares Tried that and still have the same problem.
44377,2782177,"@776958 Hey Patrissia, help's arrived! To take advantage of this offer, you must not have had a Premium subscription in the past. Check out more details at https://t.co/Gp5xcUoTsa. We hope this helps /DI",@115888 Howwww :(((
1966378,1966377,"@582774 You're welcome and thanks for the kind words! By the way, you might've missed our DM. Check out your messages /JP",Thank you so much @SpotifyCares you guys go above and beyond!
482486,634041,@270310 Hey Ben! Can you DM us your account's email address? We'll take a look backstage /SJ,@115888 If i’m a current premium user. Can i have this?
1794140,1794139,"@539150 Hi Cliff, that doesn't sound good. Could you send over your account's username or email address? We'll take a look backstage /JO https://t.co/ldFdZRiNAt","@SpotifyCares Hey, I can't play any @124708 songs today? I get an error ""This song is not available"" Have they been pulled from the UK?"
2312364,2312362,"@134422 @118134 2: Stranger Things soundtrack, it will let you see the album differently. More info here: https://t.co/eR59jGddYG /RH",Hey @115888 what in the world is stranger things mode and how do I make it happen. I want to get killed by a mindflayer https://t.co/nJf1QT2A2L
2970798,2970800,@819438 You're welcome! Let us know if you ever need us again. We'd be happy to help. https://t.co/m4HWSbgHVZ 🙂 /LO,"@SpotifyCares That worked, thank you!"
874036,874035,@327502 Hi there! We've just replied to your DM. We'll carry on helping out there /JX,@38621 charged from my card but didnt upgrade my account since it says my student status cant be verifyed
2038745,2038744,@602825 Hey! We're launching in new countries as often as possible. Be sure to add your email at https://t.co/X8DVSX9QgM to be first to hear /AY,@115888 no Spotify service in Egypt. Just saying. 😤
664264,664263,@278312 Hey! We appreciate your feedback on this. We'll be sure to pass it on to our Ads team /AY,"@181186  Hey Spotify MY , The car horn ad is just noise pollution to someone blasting music. It seriously hurts the ears, pls remove pls"
2306918,2306917,@669230 Hey there! We've just sent you a DM 🙂 /DF,Man someone hacked my Spotify account😒 @115888 y’all better fix this or I want a year of free music
2306183,2306185,@669054 Thanks. Can you try logging out &gt; restarting your phone &gt; logging back in? Let us know if that makes a difference /RH,@SpotifyCares 11.0.3 os. Spotify 8.4.26.793
321501,321502,@192596 We've just replied to your DM. Let's carry on chatting there /KM,"@SpotifyCares done, thank you."
1191878,1191877,"@400137 Hey Ashton, a sleep timer is a great idea! Help make it happen by adding support here: https://t.co/pMmX7wXq24 /HC",spotify should fr add an alarm setting to their app like i want to wake up to my favorite music but im also broke as hell @115888
2128530,2128529,@626611 Hey there! Pre-sale codes are being sent out by email to some of Tom Misch's biggest fans on Spotify. Hopefully you're one of them /JX,"@SpotifyCares, when will I be receiving an email with the code for @84365's presale happening in an hour? I already follow him on your platform. Thanks much!"
821819,821818,"@315759 Hey Brandon! Don’t worry, we can help. Can you let us know the device/OS you’re using? /MX",@115888 why does the app crash everytime I try to share a song/playlist?
2916568,2916569,@807280 You're welcome! Let us know if you ever need us again. We'd be... https://t.co/LgAM6ky9Vv /RB,"@SpotifyCares Alright, thanks for the response"
2264884,2264883,"@659282 Taylor Swift's 'Reputation' isn't available to stream just yet – stay tuned! For now, check out the singles: https://t.co/3h0TnPWP0c /MG",@115888 @146177 @12899 Where is Reputation?
816521,816520,@314447 Hey Joel! That's not cool. Does logging out &gt; restarting the device &gt; logging back in help? Keep us posted /SU,"@SpotifyCares Why do all of my songs sound like they're on ket? Literally everything's playing at like 2x speed, lads help"
2692975,2692973,"@756949 Hey there, we're here to help! Could you give this playlist a listen to see if it helps: https://t.co/4cQt9Vn0ec? Let us know /TB",Ugh i can't get my stranger things mode to work @115888 https://t.co/YLWQPzXxZh
2183045,2183044,"@639471 We were so excited about the new music, we decided to hand it out a day early! We'll try to keep our composure next week 🙂 /TF","@SpotifyCares Decided to humor you by attempting this, but it obviously didn't work... maybe the algorithm just knows much I love ""New Music Friday?"" https://t.co/KaL0CnmALS"
2513098,2513096,"@249702 Hey there! Fingers crossed we'll be able to have it soon, but there's info about Spotify content here: https://t.co/0i8GpimuDa 🙂 /JI","@118266 @133324 WHY THIS IS NOT SPOTIFY SPAIN
😥😥😥😥😥"
1252715,1252716,@413857 Thanks for trying. Could you send us your account's email address or username via DM? We'd like to check further /RK https://t.co/ldFdZRiNAt,@SpotifyCares I tried this. It seemed like it worked at first but it's back to doing the same thing.
43447,43446,@125636 Hey Vixzer! We can see how that’d be useful! You can vote for the official idea here: https://t.co/snIzzj29Vz /TF,"Please consider accepting #BitcoinCash for payments @spotifycares - it’s fast and secure, with low fees! More @ https://t.co/YsDKU63vw3"
2919421,2919420,@808052 Hey there! Everything should be running smoothly now. Let us know if this is still happening /GS,hi @115888 please fix your app the new update killed it https://t.co/W8tEGoTRnh
2027303,2027302,"@599510 Hi Josh! They're determined by algorithms. As your music taste evolves, so do the mixes. There's more here: https://t.co/OCqPV5UbGd 🙂 /T",@SpotifyCares How often do the genres of my daily mixes get updated?
1632119,1632118,@283473 Hey Lance! Our Curation team are independent so there's no formal submission process. Check out https://t.co/Ackn8bZUwo to help you gain visibility /K,@SpotifyCares  Check out these awesome Christmas tracks just waiting for a playlist add. https://t.co/skpNUfuQFp
50627,50628,"@127359 That's odd. Just to check, does it do the exact same thing when you shuffle it again? /MU",@SpotifyCares Same person) or a song followed by the remix of the same song. So frustrating I want random shuffle! It's the most recent app update on iOS
2297992,2297990,"@667079 Hi Phelim, help's here! Can you DM us your account's email address or username? We'll take a look backstage /GT https://t.co/ldFdZRiNAt","@SpotifyCares Hi I changed my phone yesterday to an iPhone6 but I can’t get Premium even though I’m a premium subscriber, please rectify for me. Thanks"
2691957,2691959,@382883 Thanks. We’re working on it at the moment. We're always trying to improve Spotify. Stay tuned /BE,@SpotifyCares Yooo!!! You rock 🤘 https://t.co/KrNfhqGQWw
2065478,2065476,@610806 Hey! Sorry to hear that. Can you DM us your account's username or email address? We'll take a look under the hood /JS https://t.co/ldFdZRiNAt,Nice to know I have a day left on my @115888 premium but they've ripped me off and cut it off too early.
634352,634351,"@270402 Hi Joris, help's arrived! Just to check, do you hear fade in while playing music on other speakers? Let us know /TY",@SpotifyCares Does Spotify Mac do a fade in on play if it’s been idle for a while or is it my amp? Cross fade tracks is off in the settings.
2646422,2646420,"@746661 Hey! We hear you loud and clear. We can’t make any promises, but we’ll pass your feedback onto the right folks. Let us know if you need help with anything else /MO","Spotify, if I find a new artist, the last thing I want to hear is a commentary album by this artist."
927653,927652,@340097 Hi Phillip! Can you DM us your account's username or email address? We'll take a look backstage /MC https://t.co/ldFdZRiNAt,@115888 I can't seem to login my account on your website but I can login with my phone app and my desktop WHY??? Can you pls check??
820766,820765,@315500 Hey Abi! That's not cool. Does logging out &gt; restarting the device &gt; logging back in help? Keep us posted /MX,Has anyone else’s #ios11update fucked up the volume with @115888 ?!
1548924,1548923,@479479 Hey Miranda! We'll gladly let the right folks know it's something you'd like to see. Give us a shout if you need us 🙂 /BH,@115888 hey can you guys make an update where i can upload pictures + descriptions on playlists on the app
2397304,2397303,@689954 Hey! We've just sent a DM your way. Let's carry on chatting there /NY,@117153 hey! was rejected in spotoify premium for students but i'm still charged. please give me a refund as i have not been granted  premium account.
1802412,1802411,"@324170 Thanks for your feedback - we'll pass it on. For now, check out https://t.co/zgnxs5kPEu if you haven't had a subscription before /HC","Hey, @115888, can you guys NOT raise the volume on the ads?! Are you trying to rupture my ear drums?"
1942510,1942512,"@577598 Just to clarify, are you referring to the Starbucks promo? /MT",@SpotifyCares So will it still be free?
648657,648659,@274162 Sorry for the confusion. We're afraid editing playlists isn't currently possible on Android devices. We'd suggest adding your support for the idea in our Community at https://t.co/cxqCh7BOea /AR,"@SpotifyCares That doc doesn't include an Edit section for android, because it isn't possible on android, and that's ridiculous."
634052,634051,"@270315 Aww, how sweet! You've made us blush. We feel so... https://t.co/GGsiYakp7I 💚 /LX",El oh vee eeeee &amp; affection 💓  https://t.co/I1B3M4Pcze
211098,211096,@166000 Got it. Could you check if following the steps at https://t.co/46sWVpIvlI does the trick? /DV,@SpotifyCares Hello! I did as you said and it still only shows 3 people I follow :O
2750595,2750594,@770078 Hey John! Can you DM us your account's email address? We'll check things out /KC https://t.co/ldFdZRiNAt,@SpotifyCares please Direct message me. Can’t reach out to anyone at your company about some fraudulent charges.  0 points for customer service at this point.
2259674,2259673,"@657991 Hi, sorry to hear that. Check out the steps under “Downloads unexpectedly removed” at https://t.co/38J7tFlIBF. This should help /RB",@115888 Things I listened to this morning offline are suddenly unavailable without re-downloading. Wtf.
1884064,1884063,@562177 Hey Kyle! Could you send us a DM with your account's email address or username? We'll take a look backstage /FR https://t.co/ldFdZRiNAt,"@SpotifyCares I just renewed my subscription through Rogers, but it hasn't reflected on my account yet. Just curious how long it'll take?"
708724,708725,"@289428 1: Hi Ryan! We're afraid it's not possible to reset it at the moment. Don't worry, it’ll be re-tuned on Monday. Just keep listening...","Hi @115888, I accidentally listened to a mumble rap song last week, now my whole Discover Weekly playlist is mumble rap. How do I reset it?"
93860,93859,"@136353 Hey Sebastian, help's here! Could you send us a DM with your account's email address or username? We'll take a look backstage /CO https://t.co/ldFdZRiNAt","@SpotifyCares got PW reset message, follow link, enter new password but then get this message. Generate new reset e-mail, same thing. Happening on Chrome and Firefox. Help? https://t.co/7AATasWWBZ"
2545889,2545887,"@723623 Hi Randy! Are you referring to Drake's album? If not, can you tell us the name of the artist whose album you're looking for? /RR","@115888 just took “Take Care” the album off spotify over night, put that shit back up!"
1450243,1450242,@456527 Hey there! This sounds like something for our Artist Services team. You can reach out to them here: https://t.co/3j9HWSEG0s /KP,@115888 @116130 @125633 @117168
1175729,1175728,"@396567 ¡Hey there! Can you tell us what device, operating system and Spotify version you're using? /LF",Why does @115888 just stop playing my music every 5 min? I can't work with this.
1872865,1872864,@559237 Hey Morgan! Could you let us know your account's email address or username via DM? We'll check backstage /RK https://t.co/ldFdZRiNAt,@115888 I would appreciate it if things like Dark Horse didn’t play when I hit shuffle on Harry Styles’ album. Thank you.
1682039,1682038,"@511351 Hey Thom! We're afraid this isn't possible now, but you can vote for the idea here https://t.co/SEK4E4gi22 /JP",@SpotifyCares Is there a way to stream @115888 from my Apple Watch3 over LTE without using my phone? I don't want to switch to @115948
2583359,2583358,"@732088 Hi Georgie, help's arrived! Can you DM us with your account's username and email address? We'll check it out /WW https://t.co/ldFdZRiNAt",@SpotifyCares I am trying to cancel my free trial before I get charged but it is telling me I have no subscriptions and therefore there's no cancel option. I def got free trial and am worried I will be charged.
2646371,2646373,@746642 Thanks for letting us know. Does restarting your device make any difference? Let us know how it goes /XF,@SpotifyCares I’m on the latest version updated for iPhone X. These issues were present prior to the update for me as well.
1276544,1276543,"@418795 Hi! Our Curation team are independent &amp; use taste, data, research, and trends to create playlists, but we’ll pass on your suggestion /AU",The @115888 Halloween playlist without any White Zombie or Rob Zombie is an epic fail. You can't get any more Halloween than that!!!
1944508,1944506,"@578060 Hey! You can find a list of locations at https://t.co/lkSzo0fVNB, but we'd recommend reaching out to the retailers for availability /DD",@115888  Ummmmmm  I'm looking for a 7/11 or Walmart that sells the Spotify card I already went to 5 stores.... What's the deal?
1109711,1109710,"@381881 2: by adding your vote here: here: https://t.co/ummyhZpk6f. If you need anything else, just give us a shout 💚 /KC",@SpotifyCares hi. When will the iPad app layout be fixed? Blowing up the UI from iPhone is not cool or acceptable. I miss the two panels. :/
2582050,2582049,@731777 Hey there! Can you send us a DM with your account's email address? We'll check this out backstage /CE https://t.co/ldFdZR1cbT,"@SpotifyCares what should I do ? someone has gained access after 3 times
. I have reset my password and logout everywhere already but it didn't work. can you help me?"
2921967,2921965,@793476 Great! Glad to hear that. Let us know if you need anything else 😁 /NS,Omg YES I found the song I'd forgot to save from my @115888 Discover Weekly playlist. Play it LOUD! Safari Song https://t.co/v7nhNLD5fU
1189843,1189842,@399662 Hi there! Help's here. Can you try restarting your device to see if it makes a difference? Keep us posted /MU,@SpotifyCares I can’t login. When I press the login button it just doesn’t do anything. - iOS App
2545867,2545868,"@723618 Awesome, that's what we like to hear! If you need us again, just... https://t.co/AUc7DGJpgF, and we'll come running 🏃 /CP","@SpotifyCares Aha, the ""new window"" did the trick! So you will still get my money in the future 🙂 Thx for helping out."
2610837,2610836,"@292361 Hey Marcus. Just to check, is everything running smoothly on your end now? /AY",FINALLY SUPPORT FROM @115888 FOR IPHONEX
1875286,1875284,"@559827 Hey! Our Curation team are independent &amp; use taste, data, research, and trends to create playlists, but we’ll pass on your suggestion /JL",@115888 let's get my Single Be My Girl on a cool playlist!!
1144399,1144398,@229752 We hear you! Your feedback has been noted and passed onto the team 👊🏼 /MX,@115888 @SpotifyCares y'all need to fix this asap
1972500,2439914,"@584230 Woohoo, that's what we like to hear! Give us a shout if you need us again, otherwise... https://t.co/SkdXv2BhCb /CG",finally got Spotify to work n now could greet of happiness
1520023,1520025,"@472547 1: Hey James! Check out https://t.co/zgnxs5kPEu if you've never had a subscription/trial before. Also, Suggested Tracks are part of the...",@SpotifyCares Also... why do my playlists add random songs (usually by same artist as my playlist songs) on mobile (android) but not when I listen to them via the web app? Cheers
2203794,2203793,@644390 Hey! It's great to hear your thoughts about this. Thanks for the feedback – we appreciate it. We’ll get this passed onto the right team /GU,Hey @115888 why is it only my time capsule looks like this? The look is great and I’d love it if all my music payback looked this way https://t.co/p2dgI73gH5
1851707,1851711,"@554225 1: The ""Random"" button mentioned in the link was a suggestion from one of our Community members. By the way, could you...",@SpotifyCares If I wanted to shuffle my last 50 songs I would just play them because they are recent. I want to shuffle ALL my songs
2275491,2275493,"@661838 1: Got it. We don't officially support beta iOS versions at this time, but we'll still help you out. Could you try reinstalling the...",@SpotifyCares Yes but didn’t work actually this problem occurred after the Spotify update to 8.4.26 version
2792196,2792195,@779265 Hey! We're here to help. Are you getting any specific errors? Can you DM us your account's username or email address? We'll check things backstage /CP https://t.co/ldFdZRiNAt,@115888 As soon as i decide to start paying you money your website is fucked.
2917982,2917980,@807680 Hey there! We hear you. Your feedback has been noted and passed onto the team /NQ,"I know @115888 radio has an algorithm for #thumbsup and #thumbsdown, but they should have an extra-concentrated algorithm for ""clicked back to a song just to thumbs down it."" #Spotify #Music"
2774586,2774585,"@775426 Hey! We can help out in English via Twitter, but we also have Indonesian support via email at https://t.co/ZgU70TbP8M /AU","@118266 malam min, mau tanya itu akun spotify premium saya kok tiba tiba ilang ya? pas mau login ke logout otomatis"
2899854,2899855,@803340 Got it! We'll get this reported. Great detective work 🔍 https://t.co/LpsmyUtme0 /GT,"@SpotifyCares Hi, on the track ""Ma Story"" (Caballero &amp; JeanJass) the featuring ""Angele"" is wrong, it's actually Angèle : https://t.co/PxmTEuPHhW"
963341,963340,@348617 Hey! We'd love to have him on the team. You can check out job opportunities here: https://t.co/c1Z94oBFOl /DD,@115888 @117168 @SpotifyCares hire him and do it now https://t.co/U05xEvMEm8
1358992,1358993,"@436842 Just to check, does the issue happen over 3/4G, WiFi, or both? /AG",@SpotifyCares Nope
1520007,1520006,@472543 We understand. We'll pass this feedback on to the appropriate team /TF,"@SpotifyCares I shouldn't need to do that, i'm happy with the number i have"
1231500,1231501,@408853 Awesome! Let us know how it goes. We'll be happy to help /DV,@SpotifyCares Thank you. I’ve dropped @159550 an email 🤞🏾
630453,630452,@269394 Got it. You can subscribe to Premium by heading here: https://t.co/08kG2GBNp5. Let us know how it goes /AN,@SpotifyCares It sends me here https://t.co/q1mkaiOuQY
903062,903061,@334379 Hi Marsha! Help's on its way. Can you DM us the email addresses registered in both yours and your family members' accounts? /DD https://t.co/ldFdZRiNAt,@SpotifyCares I'm having problems with my Premium Family account.  Two of my family members have been unable to sign in.
2322411,2322413,"@672952 We understand. No worries, your feedback has been noted. We'll make sure to pass it on to the relevant folks /GT","@SpotifyCares You are not following! Your model is biased to think that if I like items in ""coleteo venezolano""  then I will necessarily like items in ""gaitas venezolanas"". This bias is outrageous."
1981472,1981471,@586530 Hey Joe. We're sorry you feel that way. Could you send us a DM with your account's email address so we can take a look under the hood? /LS https://t.co/ldFdZRiNAt,@SpotifyCares glad I’ve been paying for Spotify+Hulu premium for students even though Hulu won’t connect to my account #Spotifysucks
1815098,1815097,"@545252 Hey Matthew! We’d love to have all of his stuff available, but we have some info about content here: https://t.co/0i8GpimuDa /CH",@SpotifyCares yoo where will Varleys albums at?
2786626,2786624,"@777980 Hey Jacob! We'd love to help. You can edit playlist order by logging into Spotify from a desktop. We also see how that’d be useful on your Android. We’d recommend posting it in our Community, where you can get support from other fans: https://t.co/rtDvYZOF32. Stay awesome 😁 /TI",@117168 @SpotifyCares @115888 is there a valid reason why I can't edit the order of my playlists on my Android device? That should really be something catered to all devices.
2815056,2815055,@421270 Hey! We've just sent you a DM. Check your inbox /RH,@SpotifyCares facebook login not working help pages don't help plz help thanks
2499432,2499431,"@559353 Hey Trystan! To keep Discover Weekly fresh, keep listening to more of your favourite tunes. This will mix things up /TF",@SpotifyCares Just curious: how do I make Discover Weekly better? Can it tell how soon I skip a song? Is there anyway to dislike a song? Thanks!
2895455,2895457,"@802394 Got it. Just to check, does logging out then logging back in help at all? /PB","@SpotifyCares Windows 10, 1.0.68.407.g6864aaaf"
2144245,2144244,"@630431 Hey there! We hear you 🎧 Rest assured, your feedback will be passed on to the right folks /MO",Almost a week in and still no @115888 update for the #iPhoneX while lesser known 3rd party apps are already on the bandwagon ... smh ...
418866,418865,@214905 2: Hopefully this is something we'll be able to implement in the future /NS,"@115888 @SpotifyCares @117168 Why do you continue to not support ""Block stalker""? You are now bad as @123765! https://t.co/gQQeNfu7EI"
2919325,2919324,"@808019 Hey, thanks for the report! We had a little hiccup earlier, but everything should be running just fine now /JS",@SpotifyCares literally have more problems with your app than any other app on my phone. At least once a week the whole thing crashes and I either need to close down the app or completely delete it and re-download it
1803465,1803464,"@148084 We'd like to help out, but could you let us know what's going on first? You can send us more details via DM as well /NJ https://t.co/ldFdZR1cbT",@115888 reply to my tweet FFS. 😒
2483221,2496166,"@712380 Hey! We’d love to have all of his stuff available, but we have some info about content here: https://t.co/0i8GpimuDa /AR",@709454 @115888 Hey @SpotifyCares put chance the rappers entire discography on there while you’re at. Coloring book is 10/10 but so is acid rap and 10 day
1877822,1877821,"@560526 Hi! Thanks for your feedback - we'll pass it on. For now, check out https://t.co/zgnxs5kPEu if you haven't had a subscription before /RB",@115888 why am i getting 2 ads in a row?
274497,274498,@181577 Hey! It seems the track was removed because of licensing or other legal issues. Hopefully we'll have it available again soon /NQ,@SpotifyCares the problem hasn't been fixed
2030999,2030998,@600564 Hi there! We have some useful info here: https://t.co/fI2NF40484. You can also check this out: https://t.co/d4d2bNBxus. Hope this helps /NY,"Hey @SpotifyCares if my Spotify was made with facebook, can other people find my facebook through my Spotify? Can I change my display name?"
2752819,2752818,@770622 Hey there! This sounds like a great idea. You can show your support for this here: https://t.co/7qXM7TUxUt /CE,@115888 you should add a functionality: sort tracks by bpm. #asap
1905165,1905164,"@567715 Hey there! Fingers crossed we'll be able to have it soon, but there's info about Spotify content here: https://t.co/0i8GpimuDa /RS","Its taking @115888 a while to get ""Already Dead"" up but it'll be there eventually dudes. #alreadydead"
2862756,2862757,@564087 It seems that you're playing directly from your iPhone instead of just streaming it from your computer first. You need to play the track on your computer before using Connect to stream it to your iPhone. You can check for the steps here: https://t.co/64CIqASpvY /JU,@SpotifyCares This is what I get everytime https://t.co/wFFbalGfuo
1131541,1131552,@386660 1: Hi! We're afraid it's not possible to stream music on 2 different devices simultaneously. That's why you're unable to see the play queue.,"Sorry @115888 but I get so wound up ... Why can't I see my 'phone queue on my PC, when both are signed on to the same account?"
796692,796694,@309982 We'd love to have it on Spotify! Fingers crossed it'll soon be available to us 👍 /RK,@SpotifyCares It is an #amazing album. @35357 at his finest
2259696,2259695,@252030 Hey Jan! Is this also happening on other songs? Can you let us know your iPhone model and Spotify version? We'll take a closer look /LS,"@115888 I thought this was a headphone bug, but now I see it’s a Spotify bug. Issues with #iOS11 ? https://t.co/B274e475Db"
2714229,2714227,@761954 Hi there! Can you DM us the links to the profiles? Just tap the three dots &gt; Share &gt; Copy Link. We'll check backstage /AP https://t.co/ldFdZRiNAt,@SpotifyCares could you please do something about this???
2815933,2815932,@785032 Hey there! We hear you. Your feedback has been noted and passed onto the team /NQ,.@SpotifyCares @115888 I️ think that there should be an option to stay in the app or window and watch the add for an hour of ad free music!
818309,818311,"@314912 We're glad it's working now. Don't worry, we'll make sure to pass your feedback on to the team. Thanks for sharing your thoughts! /RH",@SpotifyCares This seems to have gotten it to work.However I am slightly disappointed in the feature disparity. groove' superior presentation
2125254,2125253,"@625882 Hey Nathan! We can help out in English via Twitter, but we also have Indonesian support via email at https://t.co/ZgU70TbP8M /SJ",Offline pembayaran @118266 mulai jam 9 malam sampai 3 pagi. Begitu kata kasir @84622.
535327,535326,"@224650 Hi Alfie! Aaw, that's nice to hear. Your friend can get awesome deals here: https://t.co/Gp5xcUoTsa. Give us a shout if you need anything else 😍 /AD",@SpotifyCares my friend cant afford to buy premium and wants to know if you love her regardless. How do you feel?
2038955,2038957,"@19263 Cool, thanks! Let us know if using your phone makes any difference. Could you also try completely reinstalling the app on your Mac: https://t.co/cxGHt0bCR8? We'll be right here waiting 🙂 /Q",@SpotifyCares It updated yesterday so the latest. I can’t remember if I’ve tried from my phone. Will do
1152029,1152025,"@391110 Can you let us know the device, OS, and Spotify version you're rocking? /QI",@SpotifyCares wifi. I try playing music directly on the @137949
1193123,1193122,"@400362 Hmm. That's odd. If you could DM us your account's email address, we'd be happy to help /AN https://t.co/ldFdZRiNAt",@SpotifyCares someone just dm’d me back hahah
1873168,1873167,"@559309 Hey Ted, sorry for your loss. Could you DM us his account's email address or username? We'll take a look backstage /AY https://t.co/ldFdZRiNAt",@SpotifyCares How do I cancel my brother's Spotify account He died 11May2017. His account is still paying Spotify. I am executor of his will
1711775,1744015,@518511 Got it. We have some info about this in the Community at https://t.co/trMNTtmZi1. Let us know if you have any other questions /NY,@SpotifyCares Still not working :(
1617564,1617563,"@495995 Hi there! To keep Discover Weekly fresh, keep listening to more of your favourite tunes. This will mix things up /DV",Why does my @115888 weekly recommend always have one good week and the next week where it's turrible. Hated almost every song this week
340038,340036,@197206 Hey there! Could you let us know what country your Spotify account is set to? We'll take a look backstage /TB,@SpotifyCares pull up with zhang yixings new album 🙂🙂
1080676,1080675,"@374927 Hi, help's here! Can you DM us your account's email address? We'll take a look backstage /DV https://t.co/ldFdZRiNAt",@115888 went into spotify today and all my playlists are gone
2218882,2218881,"@648185 No worries. If we can help with anything else, we're just a tweet away. Have a nice day 🙂 /AC",@SpotifyCares thank you :D &lt;3
1304774,1304775,"@424897 Thanks! We're looking into this at the moment. For now, we'd recommend copying the Song Link and pasting it on Twitter to share /MT",@SpotifyCares Here ya go 😉 https://t.co/Rg1xnxlGa8
2298900,2298902,@667296 Got it. Can you DM us your account's email address? We'll take a look backstage /DV https://t.co/ldFdZRiNAt,@SpotifyCares No - i was playing on mobile and I’ve downloaded the songs. I was connected to spotty WiFi but the songs were still downloaded.
223025,223027,@169272 Hey! We've just replied to your DM. We'll carry on chatting there 🙂 /Q,@SpotifyCares Did you manage to find an answer?
2653052,2653051,"@748199 We hear you loud and clear! We can’t make any promises but we’ll pass your feedback onto the right folks. In the meantime, why not suggest it in our Community at https://t.co/rtDvYZOF32 and get support from other users /DR",@115888 It is great that you offer a discount to students -- maybe you could also offer a discount for verified artists that provide you with your product? What do you say?
717620,717618,"@291831 Hi! Yes, don’t worry, we can help. What’s happening exactly? Can you let us know the device/OS you’re using? /DR",@SpotifyCares customer service?
862194,862196,@324734 You're welcome! We're here for you anytime 🙂 /NG,@SpotifyCares thank you!
462665,462664,@224967 Hi! We've just sent you a DM. Check your inbox /RH,"@SpotifyCares my Spotify account has been hacked, I am very unhappy and would like a reply please."
1833447,1833446,@550000 Hey there! Could you DM us your account's username or email address? We'll check it's availability /GU https://t.co/ldFdZRiNAt,I'll never forgive @115888 for taking the albums Once (Nightwish) and Liebe Ist Für Alle Da (Rammstein) away. Fuck you guys.
1811485,1811484,"@544241 Hey Jonathan, we're sorry to hear about your grandma. Can you DM us your account's email address, so we can take a look backstage /MG https://t.co/ldFdZRiNAt","@SpotifyCares Hi, I logged a support request several days ago and wanted to know if anyone could help me? # 09595077"
2736562,2736563,"@766865 We don't have much info about this for now, but we'll make sure to let the right team know it's something you'd like to see in the future. It's also worth checking out our web player here: https://t.co/aT5o0wcN4V. Let us know if you have other questions /WP",@SpotifyCares Are there plans to support it?
1694978,1694975,@394543 Hey there! Help's here. Can you let us know the iOS and app versions you're using? We'll see what we can suggest /PB,@117168 and another error! Can’t get into my music https://t.co/7jGq1cszac
652879,652878,"@275236 Hey Hannah! We're working on it, and we hope to have it available soon. There's more info here: https://t.co/WI0fi3V8Cu /KM",It is such a blasphemy that Spotify still doesn't have Lemonade. Hey @115888 get your shit together it's 2017!! https://t.co/OL7lfWzb6a
2202398,2202397,@644029 Hey there! Could you send us a DM with your account's email address? We'll take a look backstage /MA https://t.co/ldFdZRiNAt,"@SpotifyCares I no longer want the username I made for my account at 14, that was 8 years ago, I'd like the ability to change it, please."
371590,371589,@204011 Hi! We've just sent a DM your way. Let's carry on chatting there /RA,"@SpotifyCares Hello is it possible to message you, need to cancel my 7 day trial for premium but it's not letting me do it online."
654611,654615,"@271221 We hear you! Rest assured, we're looking into this as we type. We'll have it available to you as soon as it's available to us. Thanks for bearing with us /WW",@SpotifyCares @SpotifyCares if you actuallt care respond to netnobody
2394393,2394392,"@207797 Hey! Thanks for your feedback - we'll pass it on. For now, check out https://t.co/zgnxs5kPEu if you haven't had a subscription before /CM",@115888 y'all gotta chill with recommendations they starting to feel like ads and I don't pay to feel like things are ads
2456286,2456287,"@703618 1: Hey Savanah! Currently we don't offer telephone support, but we're more than happy to help you out here on Twitter. Could you...","@SpotifyCares hi help pls, every time I️ try to update my payment details for premium, it makes me register for the student discount &amp; I’m not a student, so it gets rejected every time and then my card details aren’t saved. 😒 (also why don’t y’all have a phone support line)"
2433014,2433016,@698241 Got it! Give us a shout if any songs start misbehaving again; we're always here to help 😉 /LS,@SpotifyCares This is the song that was acting up: spotify:track:6wgRiURLlS2DKvT1pkUfAd
2943777,2943775,"@813235 Hey there! Is your Spotify misbehaving? Let us know what device you're using, and we'll see what we can suggest /LS",@115888 @117168 I miss you start already!!
757251,757250,@118754 Hey David! It looks like you've been... https://t.co/vUM0i0wxrP 😁 /LP,"@SpotifyCares Never mind, my kid pranked me. Lowered the volume in the Xbox home #HesGrounded"
155375,155377,@151641 Thanks! Can you DM us your friend's email address? /GT https://t.co/ldFdZRiNAt,@SpotifyCares The email I used to purchase was __email__. I unfortunately do not have the receipt any longer!
1681227,1681228,"@511158 2: offline tunes. On another note, can you DM us your account's email address? We'll check backstage /JS",@SpotifyCares Hi i tried logging it out. Should i just uninstall and install it again? Will it affect my premium subscription? 😰 https://t.co/LVEhYOqCSr
639943,639942,@271800 Sorry to hear that. We've just responded to your DM. Let's carry on chatting there /WW,@SpotifyCares Everytime i contact support they screw this up and youre losing a customer for life at this point. I want my Facebook info gone. Completely fucking gone. I never ever ever want to receive a welcome back to Facebook email ever again after signing in to Spotify.
694626,694625,"@285642 Hi, that's not cool! We don't offer telephone support right now, but you can get in touch with our email team at https://t.co/zu6tKiIYUg. We're also more than happy to help you here. Could you DM us your account's email address so we can check under the hood? /FJ https://t.co/ldFdZRiNAt","@SpotifyCares I have been paying $10.00 for a premium membership since July,  and since then, I can't log in to my account. You don't have a phone number or email to reach. I will be contacting my bank to terminate payment if I don't get a response. Please get back to me ASAP!"
925103,925104,@339526 Can you fire over your account's username or email address via DM? We'll take a look under the hood /JM https://t.co/ldFdZRiNAt,@SpotifyCares I've even gone to a different place with different internet and it's still not working also tried deleting and reinstalling the app
2056390,2056389,"@608157 Hi Lucie! For your security, we'd suggest deleting your previous tweet as it contains your private info. Can you DM us instead? /JE https://t.co/ldFdZRiNAt","@SpotifyCares description of payment is Spotify P03893955E, but I never registred my card, so it might be hacked or I dont know."
1930990,1930988,"@574615 2: On the other hand, can you give us more info about the albums disappearing from your account? We'll see what we can suggest /DB",@SpotifyCares when will @425725 new album Trial By Fire available in Malaysia?
1355795,1704257,@514256 Hi there! We've just sent you a bit more info over DM. Let's carry on chatting there /GU,@117153 I did paid and nothing premium i got??? SUCKS!. https://t.co/3TKGdiAbg2
1717758,1717757,@520135 We can see how that’d be handy. Thanks for taking the time to reach out – your feedback's been noted 📝 /DF,@115888 WHY NO SORT on the XBOX1 app? playlists w Thousands of songs are a challenge. anyway 2 add same sort function as desktop app? thnx!
643422,643421,@272766 Thanks. Does logging out and back in make any difference? /AN,@SpotifyCares Android S6. My app is already updated but it still happens. I havent paid for the monthly subscription .it happens to my playlists I've made
704782,704781,@288439 We've just sent a DM your way. Let's carry on chatting there 🙂 /CG,@115888 help me log in
2289876,2289878,"@665222 1: Hey. We hear you! Any updates will be posted at https://t.co/osebD49Qxe. We'd recommend voting to support the idea, too. If you're...","@SpotifyCares yo bring back 
l y r i c s my boyos"
2079719,2079718,"@615080 Hey Jordan! Fingers crossed we'll be able to have it soon, but there's info about Spotify content here: https://t.co/MEjmIRL2eB /RV","in all seriousness, when is the PNB Rock Unforgettable remix gonna be on @115888"
1956991,1956990,@580722 Hi. Sorry to hear that! Can you check the steps under “Manage your active offline devices” at https://t.co/38J7tFlIBF? /DN,"After @115888 inexplicably deleting my downloads for the umpteenth time, I am moving on. @116935 let's see what you're made of."
1947152,1947151,"@578612 Hey, that'd be great! You can add your vote to the idea here: https://t.co/YSHYSPDR4z. Let us know if there's anything else 🙂 /AY","Why hasn't @115888 added an alarm feature to their app yet?

I want to wake up and be reminded that Rick Astley will never give me up daily"
648680,648682,"@274171 We're sorry you feel that way. Rest assured, your feedback is being heard while we work with Roku on the best path forwards /LM",@SpotifyCares Wow... Thanks for nothing
115213,115214,@141618 Could you send us a DM with your account's email address or username? We'll take a look backstage /LO https://t.co/ldFdZRiNAt,@SpotifyCares Yes
569627,569625,@253688 Hi there! Can you DM us your account's email address or username? We'll take a look backstage /NQ https://t.co/ldFdZRiNAt,"@SpotifyCares Hi folks, I temporarily saw an offer to get premium for 99GBP for one year but can't find it again. Can you send me a link of where I can access it as I am potentially interested? Thanks."
1863107,1863109,"@124933 No worries, we're always happy to help work things out. Have a... https://t.co/FQulrDtFky /AY",@SpotifyCares thanks!
122098,122097,@143215 Hey there! Can you DM us your username and your family member's email address? We'll take a look backstage /LO https://t.co/ldFdZRiNAt,@115888 I am tryi g to invite a family member to spotify premium but error 600 shows up.
867561,867563,"@326007 Woohoo, that's what we like to hear! Give us a shout if you need us again, otherwise... https://t.co/SkdXv2BhCb /TB",@SpotifyCares it works now! :) no idea why!
572078,572077,"@254425 Hi! We’d love to have all of her stuff available, but we have some info about content here: https://t.co/1dgftcFtzc /AP",WHY ISN'T BJÖRK'S ENTIRE DISCOGRAPHY ON SPOTIFY?!?! I NEED ANSWERS. @115888
1403656,1403655,@446334 Got it! Could you tell us the device you're using? Keep us posted /DF,@SpotifyCares Same problems my friends have been complaining about. One of Why Don’t We’s song (these girls) the beat got changed and it’s more high pitched now.
1965505,1965503,"@582614 Hi there, help's here! Could you DM us your account's username or email address? We'll see what we can suggest /RE https://t.co/ldFdZRiNAt",@SpotifyCares Hey! I want to change my username and profile photo within the android app and unlink my Facebook profile please. DMed you.
1971154,1971153,"@467593 Hey! What device, operating system, and Spotify version are you using? We'll see what we can suggest /CB","yo @115888 why don't you have a ""remove from this playlist"" option on mobile?"
783557,783556,@307025 2: up here to be first to hear: https://t.co/XDwWzj7cLP /JS,"Hello, how can I get a license for my country - Azerbaijan? @SpotifyCares"
2059979,2059978,@609256 Hey Fubar! That doesn't sound good. Can you DM us your account's email address? We'll take a look under the hood /QI https://t.co/ldFdZRiNAt,@SpotifyCares My premium account has been compromised and im getting no joy through your support email. Need to get this sorted ASAP please!
2477812,2477810,"@707879 Sure thing! If anything comes up, you know where to find us. https://t.co/uQiQuWow27 🙂 /JN","Ok yeah, I think it's most likely my internet because I'm not connected to the internet right now, im roaming. I will try connecting to a different network https://t.co/yC4zgg4FIQ"
2894018,2894017,@802059 Hey Dee! We've just replied to your DM. Let's continue chatting there /GT,@110991 halo kak aku mau beli premium spotify tp gak bs dr td. Pdhl pulsa cukup. Thankyou https://t.co/KdH3Pi65Gw
272953,272952,"@181185 Thanks for sending that. Can you let us know your device's make/model, as well as the Android and Spotify versions you're using? /RH","@SpotifyCares Nope, I also tried uninstalling and reinstalling the app. Here's a recording of what I'm experiencing. https://t.co/KtSHEqkXex"
2239746,2239745,"@653051 No worries, those are singles that were released so far, but hopefully we'll have the full album available soon /LP",@SpotifyCares It is excluded available album?
2715965,2715964,"@465356 Hey there! Don't worry, we're here to help. Can you DM us your account's email address or username? We'll take a look backstage /MT https://t.co/ldFdZRiNAt",STOP LOGGING ME OUT THIS SHIT HAPPENS EVERY MONTH @SPOTIFYCARES https://t.co/dZ3Qpxovi6
1026789,1026788,@362962 Hey there! Could you DM us your account's username or email address? We'll take a look under the hood /GU https://t.co/ldFdZRiNAt,@SpotifyCares @362963 It did not. Also tried incognito mode and it didn't work.
263526,263527,@178803 Could you send us a DM with your account's email address or username? We'll take a look backstage /LO https://t.co/ldFdZRiNAt,@SpotifyCares Germany i guess
507376,507375,@236463 Hey there! Can you DM us your account's email address? We'll take a look under the hood /AN https://t.co/ldFdZRiNAt,"@SpotifyCares will paying for the 1-time annual subscription automatically override my future monthly auto-payments, or will I need to cancel my auto-payments?"
1043532,1043531,"@300266 Hey Jenna! Fingers crossed we'll be able to have it soon, but there's info about Spotify content here: https://t.co/MEjmIRL2eB /PX",when your @115888 playlist can’t be complete because @142136 won’t put his music on there 😡 #askmehowiknow #tryingtobeafanhere #notevenonyoutube
2303099,2303101,@668295 1: Hey! Check out the steps under “Downloads unexpectedly removed” at https://t.co/38J7tFlIBF. They should help with your downloads.,If @115888 could write an app that didn't randomly delete my downloads I would be mildly less pissed off with their lack of lossless audio and also LEMONADE by Beyoncé
1487452,1487454,"@465468 We understand. Don't worry, we'll make sure to give them a nudge on this right away. Drop us a tweet if anything else comes up /MT","@SpotifyCares That would be nice. I'm using Spotify in Japan, if that helps, so you can let them know it's super pointless."
2081464,2081463,@212837 Hey! Our friends in Artist Support are the right folks to help with this. You can get in touch with them here: https://t.co/p1wbtdELHu /KB,"@115888 when I log in, it doesn't take me to the verified one.. there are no songs on this account but only verified one 🤦🏽‍♀️😭🙏🏼"
1927012,1927011,"@573480 Hey Emily, help's here! Can you DM us your account's username and email address? We'll take a look backstage /MQ https://t.co/ldFdZRiNAt",@SpotifyCares I can’t log into my account because it thinks I’m still abroad. How can I fix this. I’m back in the US
1692161,1692159,@513608 Hey Erin! Does clearing your cache/cookies help? You might also want to try using an incognito window. Let us know how it goes /KL,@115888 your web player is broken. Help.
2961997,2961996,"@817381 Hey Brooke, help's here! You can update your payment method any time by choosing subscriptions on your account page. Check this out for more info: https://t.co/BShdiBtHc4. Let us know how it goes /JJ",@SpotifyCares I’m a premium acct and I got a message saying I need to update CC info but no where to do it in app or contact help. Please help.
1335479,1335480,"@431543 Fingers crossed we'll be able to have it soon, but there's info about Spotify content here: https://t.co/0i8GpimuDa /DF",@431542 @SpotifyCares @425725 Missing for me also. #spotifail
104561,104559,@139085 Hey there! Could you tell us the device/OS you're using? Keep us posted /DF,@139086 @115888 Does yours keep stopping in the middle of a song?
1996456,1996458,@590333 Got it. Can you DM us the first 6 and last 4 digits of your payment card and its country? Make sure not to send the whole number /KL https://t.co/ldFdZRiNAt,"@SpotifyCares Not really, I've tried all my usual ones. If there's a private forum I can provide credit card receipts and such though"
2190862,2190861,@641322 Hey Mick! That's not cool. Could you give it another shot using an incognito window or a different browser? Let us know how it plays out /GU,@SpotifyCares Premium for Family invite directing me to log in page. Nowhere to redeem code. Help
2114199,2114198,"@623337 1: Hi there. We're sorry you feel that way. The Recently Played Artist shows the artists you listened to, and it's sorted to show the...",".@115888's ""recently played artists"" is such total bs. I listened to about 15 seconds of a Cardi B song (it was trash) and she's now my #1 recently played artist. Despite me listening to hours of other artists? The fuck???"
2335104,2335103,@675695 Hi there! We've sent a DM your way. Let's carry on chatting there /RK,"@SpotifyCares Hey there, can you guys possibly help with an error i'm receiving when trying to activate my hulu student package?"
2422817,2422815,"@128479 Hey Jessica, we love you too! Thanks for the feedback – we appreciate it. We’ll get this passed onto the right team 💚 /DQ",my @115888 daily mixes are grouped very strangely pls improve (still love u)
2707023,2707022,"@760232 Sorry, we didn't mean to scare you! We'll pass your feedback on to our Ads team /BE",Why does @115888 scream bloody murder in your ears when you skip a song and how do you shut it off..?
2015066,2015065,@595849 Hey Jack! Sometimes content gets temporarily removed because of licensing changes. Hopefully we'll have it available again soon /TB /TB,"@115888 why was $uave by Offset available until today, songs were added to my playlist as well! C'mon"
1436766,1436764,@137142 We hear you loud and clear! We can’t make any promises but we’ll pass your feedback onto the right folks /PB,@SpotifyCares @115888 I really liked how before I could just shift left and delete from my recently played rather than hit edit  😿
2602372,2602369,"@736510 Hey Jake! This isn’t possible right now, but you can add your vote here to help make it happen: https://t.co/fDfdWqd3CO. For anything else, just give us a shout /MA",DID YOU KNOW In order to clear the cache left by #Spotify playlists on your iPhone you need to delete/reinstall the app? Really. Seriously.
2666949,2666948,@751327 Thanks.Can you DM us your account's email address? We'll check under the hood /NY https://t.co/ldFdZRiNAt,@SpotifyCares version 8.4.26.793
2225670,2225671,"@649719 Just to check, is this also happening to your downloaded playlists? /RC",@SpotifyCares Not that I know of
698868,698867,"@286694 Hi there! We don't have any info on this right now, but we'll let the right team know it's something you'd like to see /RE",@115888 it’s almost 2018 why can we still not see who is following our playlists?☹️
1847249,1847247,"@553258 Hi there, the cavalry's here! Does logging out, restarting your device, and logging back into Spotify help? Keep us in the loop /JI",@SpotifyCares @115888 so I’m having trouble playing certain artists on the Sporify iOS app. What’s up with that?
166680,166679,@154723 Hey there! That doesn't sound good. Can you DM us the OS and Spotify version you're using? Your account's username and email address would also be super helpful. We'll see what we can suggest /WP https://t.co/ldFdZRiNAt,"@SpotifyCares why is my desktop player always going ""can't play the current song"" after 6 seconds on ANY track. Annoying."
1356647,1356646,"@436313 Thanks for that. Does logging out, restarting your device, and logging back into Spotify help? Keep us posted /JI",@SpotifyCares  https://t.co/i65quhfgNL
1306144,1306143,"@425232 Hi there! We'd recommend deleting your previous tweet as it contains private info. Don't worry, we've just sent a DM your way /MT",@SpotifyCares  I need to close my sons account. __email__. He used a facebook account that no longer exists.
2929242,2929241,@810355 Hey Sara! Can you DM us your account's username or email address? We'll take a look backstage /MS https://t.co/ldFdZRiNAt,@SpotifyCares Help. Tried again this morning. still failed. im trying to purchase premium family here. https://t.co/5FAM5Gh0nB
1098081,1098079,@379112 Hi! We've just sent you a bit more info over DM. We'll carry on helping out there /RB,"Security is important, @spotifycares. We'd like it if you supported two factor auth. https://t.co/dFe7f0NAmS #SupportTwoFactorAuth"
1854237,1854236,"@554792 Hey Alexa! We’d love to have all of Aaliyah's stuff available, but we have some info about content here: https://t.co/0i8GpimuDa /NS","I need more Aaliyah, @115888."
1815156,1815155,@545268 Hey there! We'd recommend deleting your previous tweet as it contains private info. Could you DM it to us instead? /MT https://t.co/ldFdZRiNAt,@SpotifyCares Username: kjgeir3mnqoatp8oq050jds7b
187519,187518,@160013 Awesome! Glad to hear it's now working. Just let us know if we can help with anything else. https://t.co/m4HWSaZ6xp /PL,"@SpotifyCares It was probably a bug or some cache issues, I got it to work now, thanks!"
1997644,1997643,"@590674 Hey there, help's here! Can you DM us your account's email address and username? We'll take a look backstage 🙂 /CG https://t.co/ldFdZRiNAt",@115888 SS of phone - I'm a premium subscriber but can't get this as the handset says subscription is free? Help? https://t.co/Gw1xHe0Apu
864531,864530,"@325329 Awesome! If you need help with anything else, just give us a shout. Otherwise, have a... https://t.co/FQulrDtFky 😉 /GU",@SpotifyCares It looks like it’s working again now.  If it messes up again I’ll send the info
905653,905651,"@335002 Hmm, that's odd! Don’t worry, we can help. Can you let us know the device/OS you’re using? We'll check it out 🔍 /MX","@SpotifyCares It doesn’t seem to have done anything. Most artists work, but random bands on discover weekly and new music Friday won’t play either."
2082440,2082439,"@615864 Hey, help's here! Can you also DM us your account's email address along with the device/OS you're using? We'll get this fixed 🙂 /RR https://t.co/ldFdZRiNAt",Spotify My account is suddenly missing all of my saved music and seems to have reset to a very old state. via benz145
358983,358982,"@201021 Hey Jonny, help's arrived! We've just replied to your DM. Let's carry on chatting there /DV",@SpotifyCares Service is crawling in Taiwan.... Streaming stopping every 10 seconds on both my landline (50Mps) broadband and 4G cellular.
1600783,1600782,@315434 Hi there! Can you DM us your account's email address or username? We'll take a look backstage /NQ https://t.co/ldFdZRiNAt,@SpotifyCares hi why does my Student account say it's going to double in price next month? Just wondering!
129746,619730,@267091 Hi there! Can you DM us your account's username or email address? We'll see what we can suggest /DN https://t.co/ldFdZRiNAt,@115888 How
856205,856203,"@323324 We don't have info to share on this right now. If there's anything else we can help you with, just let us know /L",@SpotifyCares can you tell me the ratio of users that chose this ?
2779491,2779489,"@776360 Hey Tina! Can you send us a screenshot of what you're seeing? Also, can you DM us your account's email address? We'll take a look backstage /SJ https://t.co/ldFdZRiNAt",@SpotifyCares My Hulu and Spotify account are unable to link up. Hulu states it cannot confirm my student account and Hulu says they cannot help. Help please!
2121284,2121283,@425742 Hi there. Pre-sale codes are being sent out by email to some of dvsn's biggest fans on Spotify. Hopefully you're one of them! /TM,@115888 what’s the presale code for #dvsn
2964704,2964703,@817974 Hey there! Can you DM us your account's email address or username? We'll take a look backstage /RH https://t.co/ldFdZRiNAt,@SpotifyCares I was charged for a regular subpriction when I have a student one. How can this get fixed?
2485961,2485959,"@710106 Hey Daniel, that doesn't sound right. Can you check if your OS X version is up-to-date? If it is, let us know. We'll see what we can suggest /JE","Hey @SpotifyCares, the button create similar playlist doesn’t work in MacOS
(1.0.67.582.g19436fa3). Login out and restarting doesn’t work."
2920721,2920720,"@808352 Awesome, we're happy to hear that! Give us a shout if we can help with anything else /CE",@SpotifyCares It’s all good now thanks
1908453,1908452,"@568543 Hey Jade! If you haven't been on a subscription before, head over to https://t.co/WB5TSxRfDe to take your 30-day Premium trial 🙂 /SY",i need spotify premium
2508338,2508337,"@715110 Hi Steve, we can see how that’d be useful! You can vote for the official idea here: https://t.co/CdI1SY9KZE. If you ever need anything else, just shout and we'll come running 🏃 /MX","@SpotifyCares Hey, just wanted to say I really enjoy the Discover Weekly and Release Radar lists.  I would like to suggest an account setting that would prevent songs with explicit lyrics from being added to lists created for me.  Thanks!"
1017102,1017104,"@360648 Awesome! We're glad that did the trick. If you ever need help with anything else, you know where to find us /QI",@SpotifyCares Its worked!! Took a couple of tries after restarting but it’s working fine now - cheers
1993477,1993475,@589963 Hey there! That's not cool. Does logging out &gt; restarting the device &gt; logging back in help? Keep us posted /KL,@SpotifyCares I just got the student discount premium service and its still showing free and giving me ads. Ive been charged already
1596822,1596821,"@490563 1: Hey Daniele! We don't have any info to share on this right now, but hopefully it'll be updated soon. Keep automatic downloads...",Waiting for @1313 and @115888 to update their apps for the X
1368555,1368554,"@438547 Hey, we hear you! To help make it happen, we’d recommend showing your support for the idea here: https://t.co/CdI1SY9KZE /RB",I wish there was a setting on @115888 to block Explicit songs from playing so I could easily shuffle my music at work
723042,723041,@293132 Hi Kevin! We've just replied to your DM. Let's continue chatting there /JL,@SpotifyCares  I no longer have access to my acc and I’m getting charged is there way you guys can cancel it?
1794686,1794684,@539300 Hi Ken! We're sorry if our track recommendations wasn't to your liking. We'll let our relevant folks know about your feedback /DR /DR,"@115888 I will never click on any of it, so why show it?  Surely you can do a better job of customizing what I see...."
414138,414139,@213827 Thanks. Could you try logging out &gt; restarting the app &gt; logging back in? See if that makes a difference /RH,@SpotifyCares I'm using macOS Sierra ver 10.12 and my current Spotify version is 1.0.64.399.g4637b02a
1910209,1910208,@547411 Hi again! Can you DM us your account's email address and the iOS version you're using? We'll check under the hood /AU https://t.co/ldFdZRiNAt,@115888 why will you play every other album but not sf9's knights of the sun you keep glitching im very upset
1831319,1831318,@549503 Hey Justin! Does clearing your cache/cookies help? You might also want to try using an incognito window. Let us know how it goes /VK,@SpotifyCares web-player not working on any browser (chrome / edge). Are you aware of problems?
2976126,2976125,@820793 Hey Dave! This sounds like something for our Artist Services friends. You can reach out to them here: https://t.co/3j9HWSEG0s /KP,@125633 Thanks very much for the RT. Would love to chat w u about more collaborations. Up 4 that?
739475,739474,@296857 @115888 @15024 Hey! We've just sent a DM your way. Let's carry on chatting there /AN,@115888 @15024 I need  help
1939075,1939074,@576804 Hey Taesha! We'll help out. Can you DM us your account's email address? We'll take a look under the hood /AN https://t.co/ldFdZRiNAt,@117153 paid for student Spotify and it won’t link to the Hulu account and I have paid for both.
130407,130406,"@145414 Hey, help's here. Could you send us a DM with your account's email address or username? We'll take a look behind the scenes /AY https://t.co/ldFdZRiNAt","@SpotifyCares  Good morning, I have a problem with my Spotify subscription."
149369,149367,"@150037 Hi Lisa, help's here! Can you DM us your account's username or email address? We'll take a look under the hood /JM https://t.co/ldFdZRiNAt","@116130 can you help me, please? moved from Ireland to UK&amp;can't change my country (have tried using tips on your site!) so can't register my UK bank card. Premium cancelled. Joined via FB, Lisa Lavelle. Thanks"
2618584,2618583,"@318739 Hey! We can help out in English via Twitter, but we also have Indonesian support via email at https://t.co/ZgU70TbP8M. Can you let us know what's going on? /NY","Disaat yang lain udah kebagian ""Perfect Velvet""... pengguna @118266 selalu dapat belakangan"
1156889,1156887,@392151 Can you let us know the Spotify version that you're using? We'll see what we can suggest /RC,@SpotifyCares I appreciate that the phone is 3 years old but the app used to work flawlessly. Each version now seems slower/ worse.
2594591,2594590,"@196732 Hmm. Let's try to refresh your app. Can you log out, restart your device, and then log back in? Let us know how it goes /LO",@SpotifyCares It works now however when I tried again (the working time) it pushed several empty “Log In” titled pages and I had to press “Back” several times to get to the two buttons again so I could press Log In again and then it worked.
2797365,2797364,"@780519 Hey Jack! With Premium, you can download up to 3,333 songs per device, on a maximum of 3 different devices. There's more info about this here: https://t.co/WSjJgGAmPy. Any questions, just give us a shout /AN","@115888 how many songs is it you’re allowed to download? Cause I’ve somehow reached it, I think you need to raise it or have unlimited 🤓🤓"
189821,2055233,"@607835 Hi Zach! The Spotify Student + Hulu bundle is only available for students. Not to worry, we'll pass on your feedback to the right team /MT",@SpotifyCares @160530 So if I just have normal premium do I get Hulu? Or is it only for students?
1972436,1972435,"@584214 Hey, help's here! Can you DM us the email address of the account you're trying to add to Premium for Family? We'll check backstage /KM https://t.co/ldFdZRiNAt",@115888 someone having the same problems? Can’t activate family sharing - says we don’t live in the same house and WE DO! #hate #Spotify
1160869,1160870,@393118 1: Hey Jonny! We're afraid you won't be able to view/edit the address you've entered for Premium for Family. Can you DM us your...,"@SpotifyCares I just signed up for Premium Family, entered the wrong Zip code. Changed in FB, but did change in Spotify. How do I fix this?"
820750,820752,"@315494 Hmm. Don't worry, we're on it. Our best tech folks are on the case as we speak. Hopefully we'll have a fix soon /NS",@SpotifyCares Works when I first update the software
2942725,2942727,@766077 We request that you delete your previous tweet as it contains sensitive information. Can you send it via DM instead? /JM https://t.co/ldFdZRiNAt,@SpotifyCares __email__ &lt;= my email address
1532721,1532723,@475399 Anytime! Feel free to send a tweet our way if you need help with anything else 🙂 /JI,@SpotifyCares Thank you.
76255,76253,"@133061 Hey Nico, help's here! Can you send us a screenshot of the email you received, along with the link to the page you're directed to? We'll take a look /CO",@SpotifyCares got an email about upcoming gigs in Dublin I mights like and that's great! Only issue is that click on #Tosca @111068 is taking me to Puccini's Tosca gig @111069
262269,262271,@178473 Can you send us a screenshot of how your app looks? We'll see what else we can suggest /LM,@SpotifyCares Already did!
2001074,2001073,@591715 Hey there! Can you send us your account's email address or username via DM? We'll see what we can suggest /JE https://t.co/ldFdZRiNAt,"@SpotifyCares is there any way to stop video ads during the music? Banner ads, or when it should be an ad is ok, but they hold up the music"
1833648,1833647,"@550054 Hey! Fingers crossed we'll be able to have those soon, but there's info about Spotify content here: https://t.co/0i8GpimuDa /RC",same with rap mon https://t.co/Hlp2Au8KkH
1830964,1830963,@523931 Hey Ali! Can you DM us your account's username or email address? We'll take a look /YM https://t.co/ldFdZRiNAt,¿ @SpotifyCares Tell me why I pay a monthly fee but y'all still playing ads???
86419,86418,"@134873 Hey Kathleen! We're here to help. Can you DM us a screenshot of your bank statement showing the Spotify charges? For security, make sure you mask any sensitive info such as your full card number. We'll look into it /CP https://t.co/ldFdZRiNAt",@115888 how do I unsubscribe to an account I never subscribed to? I cannot find any where I have subscribed to you. You just billed me.
574713,574711,@255191 We’ll have them available to you as soon as they're available to us! https://t.co/1dgftcFtzc /TC,@SpotifyCares will you have got7 and day6 on spotify soon?
1848932,1848931,@343137 Sorry to hear you feel that way. Check out the steps under “Downloads unexpectedly removed” at https://t.co/38J7tFlIBF /PB,"@115888 @117168 Really disappointed with the Customer Service. No effort was made to retain a long time customer and early adopter. Clearly, this was a bad app update that corrupted the Spotify database on my phone. https://t.co/nJy4pdqr46"
2283758,2283759,"@663677 1: Hi there! We're afraid it's not possible to download your music physically. No worries, you can save your music for offline use...",Hi @SpotifyCares if I upgrade to Spotify premium can I download tracks that then can be exported for use on other apps and devices or copied onto cds and other external storage?? Cheers
1035423,1035421,"@364918 Thanks! Just to check, did you do anything specific like updating your app version before the issue happened? /JM","@SpotifyCares I think it started automatically downloading on Wi-Fi, and continued when I disconnected."
1838012,1838011,"@550973 Hey, that'd odd. Daily Mix serves up unique mixes based on aspects of your music taste. You should mainly hear tunes you already love /PB",@SpotifyCares I never get the songs I want in my Daily Mix. They are always random and never match my previous songs played. Disappointed!
2158559,2158558,"@634048 Hey Stephen! Fingers crossed we'll be able to have it soon, but there's info about Spotify content here: https://t.co/0i8GpimuDa /AR",@115888 when will @634049 new EP No Days Off be up?
1865839,1865838,@557431 Hey there! Sometimes content gets temporarily removed because of licensing changes. Hopefully we'll have it available again soon! /DF,".@115888 Any idea why @38290's Track ""When You Come Back Down"" is unavailable?"
2638615,2638614,"@407803 Hey! Fingers crossed we'll be able to have it soon, but there's info about Spotify content here: https://t.co/0i8GpimuDa /DF",@SpotifyCares @89216 why can’t I listen to this song anymore??? There is only the deconstructed album version available or CRAZY remixes .... #HELP #LOVEISLOVE https://t.co/EMMpI027yO
44322,176552,"@157539 Hi there! Help's here. We accept debit cards as long as they're issued by Visa and MasterCard. To check the other payment methods available, you can log in to your account page and then click Subscription in the menu on the left. Give us a shout if you have other questions /DD",@115888 PNB debit card is not available 😑
1905044,1905043,@567686 Hey there! We've just replied to your DM. Check it out. We'll continue helping there /RE,@SpotifyCares problem logging in. Checked the help site. It lets me in for 10 seconds or so and I can see everything and then kicks me out.
2959338,2959337,"@219083 Hey Marc, help has arrived! Could you DM us your account's email address? We'll check what we can suggest /RK https://t.co/ldFdZRiNAt","@115888 if I add premium service to my account, can I set it up to charge any credit card I want."
2065660,2065658,"@610863 Hi there, that doesn't sound good. Can you DM us your account's email address? We'll take a look backstage /AK https://t.co/ldFdZRiNAt",@SpotifyCares I download a playlist but I can't listen my music offline. I don't have wifi where I'm living to download a Playlist again.
1902001,1902000,@566835 Hey Kaela! Can you DM us your usernames or the email addresses linked to your accounts? We'll take a look 🔍 /YM https://t.co/ldFdZRiNAt,@SpotifyCares old supscribtion
2657400,2657402,"@749152 Thanks. We don't have info regarding that, but can you give this a try: log out from Spotify &gt; restart your device &gt; log back in? Did that make a difference? /DR",@SpotifyCares Spotify v8.4.28.1104 / iPhone X / iOS 11.2 beta. Hardware volume controls on the phone don’t work for controlling volume when playing through connect device. Works ok when playing audio on the phone itself. Assume 11.2 beta bug? - one to be aware of though. 🤞🏻
2251543,2251541,"@655912 Hi Ken, help's here! Can you DM us your account's email address or username? We'll take a look backstage /GT https://t.co/ldFdZRiNAt","@SpotifyCares hey, cant seem to update my payment via phone or website. im paying using my mobile carrier. thoughts?"
2442063,2442062,@700312 Hey John! We can see how that’d be useful! You can vote for the official idea here: https://t.co/NxwHudboZ6 /JX,"@115888 oops maybe this was more of a @SpotifyCares issue.  Anyway, please look into adding this feature 😊"
2786615,2786617,@777979 Got it! Our best tech folks are on the case as we speak. Hopefully we'll have a fix soon /GT,@SpotifyCares The issue is on the website. I want to purchase premium but as soon as I click on 'Get Premium' I get a 504. It's on both my laptop and my phone https://t.co/wGM71BrwFT
562460,562459,"@251619 Hey Sarah, help's arrived! Could you send us a DM with your account's email address? We'll take a look backstage /CH https://t.co/ldFdZRiNAt",@SpotifyCares hi. Trying to cancel. Wont accept my email when I ask for a password reset says log in with fb. When I do that it says I'm on free. I am definitely paying and receiving premium. Please help
2176177,2176176,@507557 Awesome! Let us know if you ever need us again. We'd be happy to help you out 🙂 /JF,@SpotifyCares Thank you!
914664,914663,"@337204 2: to add your email address at https://t.co/X8DVSX9QgM to be the first to hear. If you need anything else, let us know /MC",Hey @115888 when are you coming to South Africa?? 🤦🏻‍♀️
599474,599473,"@262211 Hey there! Fingers crossed we'll be able to have it soon, but there's info about Spotify content here: https://t.co/1dgftcFtzc /PB","@115888 you, put the fucking Breaking Benjamin's álbum ""Phobia"" available for phone, motherfuckers ahre ily"
1870150,1870149,"@558544 Hey Robert, this sounds like a great idea! Suggest it in our Community at https://t.co/rtDvYZOF32 and get support from other users /KL","@SpotifyCares put EPs under ‘albums’ instead of singles on all apps, it’s implemented well on the web version"
1209194,1209193,"@387828 Hey Matt, we'd love to have them on Spotify! Hopefully we will in the future. Check this out: https://t.co/MEjmIRL2eB /AY","Hey @115888 if you wanna prove you care about art and music, make @51214's stuff available!"
1059072,1059071,@370049 Hey! We've replied to your DM. Check it out and we'll continue over there /RC,"@SpotifyCares Hey, just DM'ed you 👍🏽"
569615,569614,@232848 That's strange. We'll get this passed on to our devs so they can look into it. Give us a shout if you need anything else /NQ,@115888 I clicked the video for 30 minutes of ad free music and got through two songs before an ad popped up. TWO songs
2081628,2081627,"@615596 Hi Dewitt! What device (make &amp; model), operating system, and app version are you using? We'll keep an eye out for your reply /LP",@SpotifyCares 45 songs just downloaded over cellular data. Couldn't stop them without airplane mode. Explain yourself.
2481546,2481545,@516466 Hey! Can you DM us your account's username and email address? We'll see what we can suggest /JL https://t.co/ldFdZRiNAt,@115888 and @hulu_support why is my Hulu not being activated and only sent to a no page found
1199036,1199037,@401713 1: Hey! We hear you. Hopefully it'll be updated soon. Keep automatic downloads activated to get the latest update once it's available.,Now we wait for the apps to update to fit the iPhone X - I'm looking at you @219120 @160285 @52058 @115888 😫
2509516,2509515,@715109 We understand - we’re working on it as we speak. Stay tuned /XF,This makes me sad 😔 https://t.co/PCSbigGCXF
2144252,2144251,@630434 Hey there! Can you DM us your account's email address and username as well as your friend's information? We'll take a look backstage /CG https://t.co/ldFdZRiNAt,"@SpotifyCares Note, I have also tried doing this on several web browsers and to no avail, I still got the same message “please match requested format”"
1865348,1865347,@557290 Hey there! Does clearing your cache/cookies help? You might also want to try using an incognito window. Let us know how it goes /DF,"@115888 can y’all fix y’all browser so you can listen to music on the desktop? It never works for me, or maybe it’s my computer🤔"
621410,621409,@267482 Hi there! Help's here. Can you let us know what's happening exactly? We'll see what we can suggest /MU,Y'all killing the vibe with this lag @115888
1507626,1507625,@392689 Hey Martin! Can you DM us your account's email address or username? We'll take a look /NS,@SpotifyCares I don’t have the disconnect option from social media
786458,786460,@307615 We appreciate you sending that over. Rest assured our best tech folks are on the case as we speak. Hopefully we'll have a fix soon! /JS,@SpotifyCares Awesome. It's been going on for a couple days. Here's the application version I'm running. https://t.co/UDRaqCUenk
1698026,1698025,@515022 Hi there. We're launching regularly in countries around the world. Sign up here to be first to hear: https://t.co/XDwWzj7cLP /QI,@115888 Why won't you make Spotify available in Serbia??? Now I have to either download music or have my phone all on the time so I can listen over YouTube.
455646,455645,"@223164 Hey Chelsea! We don't have news to share about this right now, but we'll let the right team know it's something you'd like to see soon /AR",Where are my top songs in 2017 wrapped @SpotifyCares
1039764,1039763,"@366003 Hi Patrick, help's here. Can you fire over a screenshot of what you see? We'll check it out /NY",@SpotifyCares Also can't control music with earphones and i've already re started the phone
1725467,1725466,@389156 Hey Tommy! We've just sent you a bit more info over DM. We'll carry on helping out there /DD,@115888 @SpotifyCares I can’t upgrade to premium through the app. HELP ME. #ICantLiveWithoutSPOTIFY
353163,353161,@199967 Hey Isah! We've just sent you a bit more info over DM. We'll carry on helping out there /GS,@SpotifyCares @115888 Why can’t I pay Spotify Premium via Globe credit even if I have sufficient balance? https://t.co/MniuMQLezh
1771348,1771346,"@316560 Hi Darrel. Don't worry, we'll look into this. Can you tell us what device, operating system, and app version you're using? /JU","Hey @117168 Why can't I listen to @146177? All other artists, songs, are working but Eminem doesn't? What gives? #Spotify @117153"
2747496,2747495,@419600 Hey Emerson! Can you DM us your account's email address or username? We'll take a look backstage /AR https://t.co/ldFdZRiNAt,@115888 please don't include music by @55144 when I'm listening to @34240 and @146177
110117,110116,"@140449 Hey there, help's here! Could you DM us both accounts' email addresses? We'll take a look backstage /AG https://t.co/ldFdZRiNAt","@SpotifyCares Hi Spotify! We have a Premium Spotify account for the magazine, and tried to connect it to the magazine's Facebook account, but instead it tied to a personal FB account and displays a personal username now. Can you help? Takk!"
2215864,2215863,@647427 Hey! We've sent you a DM. We'll carry on chatting there /LO,@117153 My Hulu won't reactivate after my payment submission for the month.
1764101,1764099,@530693 Hey There! The presale codes are being sent to some of DVSN biggest fans on Spotify. Hopefully you're one of them /BH,@115888 how do you get the code for the dvsn tickets tomorrow?
2035034,2035033,@601653 Hi! Sounds like a good idea. Show your support at https://t.co/GEp7udRjdU. Let our devs know it's something you'd like to see 😉 /GT,"@115888 are you able to combine playlists without moving each song individually.  If not, you should implement it"
1472541,1472540,"@461803 Thanks. Could you try logging out and back in again? If you still have the same issue, try restarting your device. Keep us posted /GK","@SpotifyCares I'm using a Huawei P9, Android OS, app ver 8.4.18.743. My headphones are Avantree Audition Bluetooth 4.0 headphones."
2557538,2557537,"@726094 Hi there! That doesn't look right. What device (make and model), operating system, and Spotify version are you using? We'll see what we can suggest /LP",why is my spotify always like this? https://t.co/rmvikWBMuh
1917770,1917769,"@571157 Hey! Thanks for the feedback. No worries, we'll make sure to let the right team know it's something you'd like to see in the future /RC",@115888 Can we please have the option to pay with Paypal/Ideal for student memberships in The Netherlands? Not everyone has a creditcard.
102218,102217,"@138417 Hey Chris, help's here! Could you DM us your account's email address and username? We'll take a look backstage /CG https://t.co/ldFdZRiNAt",@SpotifyCares someone hacked my account. Any help on how to change my e-mail address back?
2598645,2598644,@735713 Hey! We understand - we’re working on it as we speak. Stay tuned /RB,@115888 y’all ever gonna make an update to adapt to the iPhone X or am I just gonna have to give in to Apple Music????
1564283,1564281,"@360319 Hi! We don't have any info on this right now, but we'll let the right team know it's something you'd like to see /QI","I don’t know what you have to do, but @115888 please optimize your app for iPhone X.  It’s driving me crazy"
2699575,2699574,@758406 Hi Jack! We don't have any info on this right now. Fingers crossed we'll be able to have it soon. More info about Spotify content here: https://t.co/0i8GpimuDa /DD,@SpotifyCares Any plans for Prince's HitNRun Phase One album (2015) to come to Spotify in the future?
1169125,1169124,@395005 That's strange. We'll get this passed on to our devs so they can look into it. Give us a shout if you need anything else /CP,@SpotifyCares Definatly
290154,290152,"@185120 Hey Griffin, help's here. Can you let us know the device, OS, and Spotify version you're using? We'll see what we can suggest /KL",Yo @115888 your app isn’t working! Not playing music after it’s finished a song
852703,852701,"@159055 Hey! We don't have any info on this right now, but we'll let the right team know it's something you'd like to see /RB",@115888 When are you going to give the people what they want?  https://t.co/kS2T35a8ed #spotifyonappletv #AskTwitter
1869838,1869837,@558469 Hi! Can you DM us your account's email address or Facebook URL? Send us a screenshot of the error message you're seeing as well /RB https://t.co/ldFdZRiNAt,@115888 I can’t creat an account or log in with my Facebook every time i try there is an error message?!!!
970680,970679,@350327 We're sorry to hear that. Can you let us know your Android and Spotify versions? We'll see what we can suggest /MG,@SpotifyCares My phone (Google pixel). Haven't checked my laptop. Like 30% of my songs now seem unplayable
1969852,1969851,"@583541 Hi there! Can you DM us your account's email address, along with the email/username of the Premium for Family owner? We'll help out /NJ",@SpotifyCares how can i join my family subsciption? the code isn't valid when i redeem it?
1025755,1025754,@362713 Hey Lewis. We’ll have it available to you as soon as it’s available to us! https://t.co/YlV1IAXwsi /KL,@115888 WHAT TIME WILL KING KRULES NEW ALBUM “THE OOZ” BE OUT TOMORROW??
2916605,2916604,@807293 HI Aashti! Everything should be running smoothly now. Let us know if this is still happening /CE,@SpotifyCares I think your web player is down. My web player won't play any music.
34755,34757,"@123541 No worries. If there's anything else, just give us a shout. Have a... https://t.co/FQulrDtFky 🙂 /AY",@SpotifyCares Thank you! :)
141163,141162,"@147831 Hi there! We’d love to have all of Hopsin's stuff available, but we have some info about content here: https://t.co/0i8GpimuDa. Hope this clears things up. For anything else, just let us know /DR",@147832 @116130 Fuck nevermind https://t.co/1AidxmuNXi
2780785,2780783,@776644 Hey! That's odd; everything's looking good on our end. Can you try the steps here for us: https://t.co/EqisDMwZAT? They should help with this /L,@115888 hi. Spotify premium keeps telling me I'm offline even when I'm logged into Wi-Fi. Is there an issue at the moment?
2322448,2322447,"@472176 Hey Nate, help's here! Can you DM us your account's email address? We'll check backstage /GK https://t.co/ldFdZRiNAt",.@115888 if you recommend me the Wiz Khalifa album again I'm breaking my phone and unsubscribing
649897,649896,"@274498 Hey, help's here! Can you DM us your username and email address so we can take a look at what's happening backstage? We'll hang tight for your reply /MY",@117153 I have a premium that is part of a family subscription but mine changed to a free account. Please tell me why
1795918,1795919,"@539645 Yup, that's right! We appreciate your feedback though. If you need help with anything else, just give us a shout /GS",@SpotifyCares Hmm I thought it was an option I turned on. So even if I have NO DEVICES AVAILABLE the DEVICES AVAILABLE will still show up?
2589320,2589319,"@733496 @115888 Hi, we've just replied to your DM. We'll carry on chatting there /SY","after weeks of hacking on my spotify account, it says my email is wrong now and I cant log in. fix this please. @115888 @SpotifyCares"
1209242,1209240,"@403878 Hey there! Don't worry, help's here. Can you let us know the Spotify version you're using? We'll see what we can suggest /MT",@SpotifyCares Hey. Spotify on Windows 8.1 is using my CPU a lot (30-40%) and it's making my computer crash. What can I do?
2030791,2030790,@600508 Hey there. We suggest deleting your public post as it contains private info. Could you DM it to us instead? /AY https://t.co/ldFdZRiNAt,"@SpotifyCares @117153 already paid spotify premium payment,  but still not working (still free user). https://t.co/GmmVlCvlb9"
2313466,2313465,@670859 No worries. Let us know if you ever need us again. We'd be... https://t.co/LgAM6ky9Vv /NQ,@SpotifyCares thank you!!! :)
2084662,2084661,@616504 Hey Zac! Can you DM us your account's email address? We'll take a look backstage /K https://t.co/ldFdZRiNAt,"@SpotifyCares my acct was hacked. Was talking to someone at Spotify in chat, they locked me out. Went to get a screenshot they asked for…"
2598007,2598005,"@659498 Hey Mackenzie, help's here! Can you let us know the device, operating system, and Spotify version you're using? Also, are you getting an error message? If so, a screenshot would come in handy /RH",Hey @115888 - some of my songs won’t play. I’m a Premium subscriber. Help?
1288044,1288043,"@421269 Hey Joe! Thanks for your feedback on this. It's a new look we're testing out, so we'll make sure your thoughts are passed on 🙂 /J","Dear @115888, I love the album artwork full bleed on the phone screen for the 'time capsule' playlist, but why not for all playlists? https://t.co/YEQnqBfxzI"
313069,313067,@190764 Got it. Can you DM us your account's email address or username? We'll take a look backstage /MT https://t.co/ldFdZRiNAt,@SpotifyCares And again from Reddit to various Xbox forums it’s a very common problem.
2877429,2877428,@798715 Hey Erika! Can you DM us your account's email address or username? We'll take a look backstage /RH https://t.co/ldFdZRiNAt,Hi @SpotifyCares. I was paying the student price for a few months w/ a student email address and I just noticed that for the past two or three months I've getting charged the full price (no discount applied.) Why is this? I signed up with my college email address not too long ago
900921,900919,@333867 Thanks for the feedback – we appreciate it! Don't worry. We’ll get this passed onto the right team 💚 /JN,@115888 i set my font to the smallest why did this happen https://t.co/y7HzxXdakA
827518,827517,@317116 Hey! We hear you. Your feedback has been noted and passed onto the team 👊🏼 /NQ,@115888 need a button which takes you to the bottom of your playlist
1920672,1920674,"@571782 Okay. Just to confirm, are you hearing the audio for the song ""Let you down"" while viewing the ""Wolves"" video on this Top HIts playlist? /JI",@SpotifyCares Sent via dm
2104012,2104013,"@621179 1: Hey! We hear you. To help make these suggestions happen, you can add your vote on these Community ideas: https://t.co/c2Hws7Bujx... /KT","Dear @115888, two questions regarding the most loved podcast functionality: 1. Why isn’t podcast listening progress synced across devices? 2. Why am I not notified about new episodes of podcasts I follow? #1ed760 💚"
617751,617749,@266564 Hey! Can you give us a bit more info on what's going on? We'll see what we can suggest /CB,Why doesn't @115888  separate double albums? I would like to know what album I'm listening to
142163,142165,@148078 Got it! Could you check out the steps under “Downloads unexpectedly removed” at https://t.co/38J7tFlIBF? Let us know how it goes /ZO https://t.co/ldFdZRiNAt,@SpotifyCares I don’t make any offline playlists so it’s just happening to my downloaded albums. Happens every week or so.
2916576,2916618,"@807296 Hey, thanks for the report! We had a little hiccup earlier, but everything should be running just fine now /JS",@269331 @115888 @SpotifyCares Same bug for me...
485517,485516,@230509 Hey Philippe! We'll help out. Can you DM us your account's email and send over a screenshot of the error message you're seeing? We'll get to work /J https://t.co/ldFdZRiNAt,@230508 @SpotifyCares Nope. Still having the issue :-(
1130072,1130071,@386348 2: becomes. Carry on listening to the songs you love! We're here if you have any other concerns 👍 /JM,@SpotifyCares No response to questions about songs in the Release Radar that clearly has no place there? Is this paid placement or what?
1162268,1162267,"@393457 Hey! We understand how you feel. Don't worry, we'll pass on your thoughts. Hopefully we'll have other payment options available soon /AY","@115888 Would love to take advantage of this, but it requires a credit card...i mean students dont have creditcards..tough loss"
1933340,1933339,"@575302 Hi there, that doesn't sound good. Can you DM us your account's email address? We'll take a look backstage /AK https://t.co/ldFdZRiNAt","@SpotifyCares when I’m on my app I have premium and I pay every month, but when I login online I don’t have access to premium"
2313928,2313927,@670986 Hey! We'd suggest deleting your last tweet as it contains an invite code. Can you DM us yours &amp; your cousin's accounts' email addresses? /NS https://t.co/ldFdZRiNAt,"@SpotifyCares I need help regarding my spotify acct. My cousin gave me an invitation to join spotify family but whenever I input the code, it keeps on saying that the code seems not to be valid. Please act on it. I've been trying for the longest time. https://t.co/gUe4X8SiWg"
365732,365731,"@202640 No problem. If you ever need help with anything else, you know where to find us /QI",@SpotifyCares Oh my bad. I got over excited. But thanks though!
1873922,1873921,@559464 Thanks for letting us know. Could you fire over your account's email address or username via DM? We'll take a look backstage /AY https://t.co/ldFdZRiNAt,@SpotifyCares My identifications have been approved. However my account is now still a free one? can't figure out why. Haven't received any email either.
2729351,2729349,"@27603 Hey there! This isn’t possible right now, but we have more info about this on our Community. Check it out: https://t.co/oGDLtirXki /PB",Is there a way to make a song never ever appear on the @115888 Daily Mix? Or to block an artist or album ever showing up in Radio?
908521,1343810,@433414 Hey Lara! Can you DM us your account's username and email address? We'll take a look backstage /TF,@117153 @SpotifyCares My premiun on my cellphone i not working
1023095,1023094,@362106 We've just sent you a DM 🙂 /SU,"@SpotifyCares please can you dm me, I have been charged for your service but don't even have an account!"
1031563,1031562,@364090 Hi! We've just replied to your DM. Let's carry on chatting there /JE,"@SpotifyCares 
I want to add or remove members and it is not possible
Can you help me?"
93913,155363,"@151636 Hey there, helps here! Could you fire over a DM with your username and email address? We'll take a look backstage /ZO https://t.co/ldFdZRiNAt",@115888 how?
2081498,2081497,"@615555 Hey Lauren! You can only download up to 3,333 songs per device, on up to 3 devices. We have more info on this at https://t.co/02nLeSTUV7 /FR",Um excuse you @115888 https://t.co/mtK58ZGVL1
1827455,1827454,@548468 Hey there! Can you DM us your account's email address? We'll take a look /RB https://t.co/ldFdZRiNAt,@115888 I am trying to get spotify student but it wont recognize me as a student... what should i do :(
1018201,1018203,"@260315 No worries, glad you enjoyed our tunes! If you ever need anything else, just shout and we'll come running 🏃 /MQ",@SpotifyCares Thank you so much. I really appreciated a such beautiful playlist. It was so fantastic and kind from you all. Have a nice week 👌👍
275586,275588,@181825 No worries! Just give us a shout if the problem persists. We're... https://t.co/zOXI69QSqg /MX,@SpotifyCares Funny enough it stopped right when i wanted to record a video about it. will report back in case it happens again.
2534586,2534585,@116382 Thanks. We'll get this reported. Great detective work! https://t.co/LpsmyUtme0 /DR,@SpotifyCares @116380 spotify:artist:6D8m8pBw3RkQ1TAi1bF2e1
1829053,1829054,"@548897 1: Hey there! Can you confirm if the tracks from My Chemical Romance are only playing at the end of the album, or do they also play...",@SpotifyCares tell me why m*y ch*emical r*omance comes on while im trying to listen to good music ie green day? this is talent slander.
622848,622849,"@267842 We understand. We're afraid we currently don't have a specific timeframe. Don't worry, it looks like you're able to access the website now! Just enter your email address so we can notify you when we launch there. We hope this clears things up /NH","@SpotifyCares https://t.co/jXoYV4d7I3. Not psyched about not having a straight answer from you, your suggestions not working and me ending up troubleshooting for you... :)"
2536624,2536622,"@721591 Hey Kody, help's here! Could you let us know what device, operating system, and version of Spotify you're using? We'll see what we can suggest /JT","@115888  is spotify programmed to turn on and start playing the same time everyday, because mine seems to do that"
2408810,2408809,@692632 Hey! Can you give us a bit more info on what's going on? We'll do our best to help /CB,@SpotifyCares Why is These Girls by @276220 sounding different for me?
115317,115316,"@141630 Hey there! We’d love to have all of his stuff available, but we have some info about content here: https://t.co/0i8GpimuDa /TB",@115888 add more lil peep songs tf
2713295,2713293,@761718 Hey Nick! Can you send us the URI of the album you're referring to? Just right-click the album &gt; Share &gt; Copy Spotify URI /AR,"@SpotifyCares Friends, this is an odd mistake. This record may be by an Aussie indie band called Syd, but it’s not from our hero, uh, Syd. https://t.co/EWSho4lo1i"
2934013,2934012,"@811289 Hey Kevin, sorry to hear that! Check out the steps under “Downloads unexpectedly removed” at https://t.co/EidIERWgLX. They should help with this /PL","My first full month of @115888 premium and all my downloaded music has gone.

You're not selling this well so far."
1872554,1872553,"@559164 We're afraid we don't have any info on this right now, but we'll let the right team know it's something you'd like to see again /NS",@SpotifyCares Yeah. I have questions. Why remove it? Low engagement? So what! Was it hurting anything being there? I got to pretend I was mixing tracks
1520683,1520681,@472715 Thanks! Can you also send us your iOS version? We'll be waiting for your reply /LO,"@SpotifyCares iPhone SE, Spotify Version 8.4.22"
704751,704750,@288424 Hey there! Can you let us know the iOS and Spotify versions you're using? We'll see what we can suggest /MS,"Hey @115888 , what’s up with the app? https://t.co/otF3vfxxzb"
987850,987849,@354061 Hey! We're launching in new countries as often as possible. Be sure to add your email at https://t.co/X8DVSX9QgM /DR,"@115888 we want spotify in India....
Please it is a humble request please launch spotify in India 
#SpotifyIndia"
564524,564522,"@252237 Hey, help's here! Can you let us know more about what's happening? We'll be waiting for your reply /MG",@SpotifyCares Is there a way to get @115888 to work behind a corp proxy with blocks WebSockets? The http=1 URL param no longer works after the web player change.
420117,420115,"@215152 Thanks. We're currently looking into this, and hope to have it fixed soon. We'll keep everyone posted once this is resolved /NY","@SpotifyCares Pixel. Spotify version 8.4.22.857 arm V7
Thank you :)"
1309660,1309658,@426063 We hear you. What operating system and version of Spotify are you using? Can you remember what the ad was for? /AN,@SpotifyCares Feedback? This isn't feedback. This is a site breaking bug. I can't use your product because I can't hear it over the car commercial.
994605,994607,"@355594 Hmm. Just to be sure we're on the same page, did you meant SIM as in a network SIM, or as in like a memory card (SD)? Keep us posted /NY",@SpotifyCares No those options do not come up... device or sim.. and my sim is mounted and accessible to other apps??
585140,585139,"@258118 Hey Peter! We don't have a military discount right now, but you can show your support for the same idea here: https://t.co/xxIPr6TiNT 👍 /DB","@116130 hi, do you do UK armed forces discount codes like you do for students please? if not is it something you can look into providing as i think you should offer a monthly discount to forces also if you do students. thanks"
1110974,1110973,@382209 Hi! We've just sent you a bit more info over DM. We'll carry on helping out there /NQ,@SpotifyCares I need help!!!! I bought an ITunes card and wanted to buy Spotify premium with it. I don’t know how to? Anyone help?????
1031959,1031958,@364181 Hey! We didn't mean to cause any offense. We'll pass the feedback on to the right people /NS,this add is too loud @115888 @SpotifyCares https://t.co/oEGSaRo61V
723576,723578,"@293269 Can you give us more info on the issue? Are you getting any specific error messages? What device, OS and Spotify version are you using? /LM",@SpotifyCares Nothing. Nothing is happening. That’s the problem.
2110151,2110150,@622514 3:  issue you're experiencing? Let us know /KP,@SpotifyCares I tried to fill out that form and it kept rejecting the information I included. I have no idea why. I’ve given you both the artist page and the nature of the problem. Why isn’t that enough?!
2300628,2300627,"@667720 Hi! We don't have any info on this right now, but you can show your support for it by voting here: https://t.co/YbSHEKRk7m /QI",@SpotifyCares @115888 Do you guys have 2 Step Verification for accounts or is this a feature that could be added in the future?
878891,878890,@328656 Hey Michael! Can you DM us more info about what's happening? We'll see what we can suggest /KL https://t.co/ldFdZRiNAt,Hey @SpotifyCares can i get a dm about an issue
1480902,1480901,@463773 That's good to hear! Just let us know if we can help with anything else. https://t.co/m4HWSbgHVZ 🙂 /NY,Thank you but luckily when I waited some time it eventually worked! I’m enjoying @453578 ‘s new music right now! Thanks again! https://t.co/LM0ujeaKwU
1982664,1982663,"@586866 Hey Doug! Don't worry, we'll help out. We'd like to share more info with you. Can you send us a DM instead? /DQ https://t.co/ldFdZRiNAt",@SpotifyCares tried to cancel this subscription for months. $9.99 mth Order ID: __credit_card__ ♫Date: 2016-03-23 ♫Username: colleen.george1
1031589,1031588,@364094 Hey Bridgette! Can you DM us your account's email address and username? We'll take a look backstage /SU https://t.co/ldFdZRiNAt,@SpotifyCares why am I getting charged $9.99/month when I'm supposed to have a student account? 3 months in a row! help pls
1157920,1157921,@392385 Could you DM us your account's username or email address? We'll take a closer look /YM https://t.co/ldFdZRiNAt,@SpotifyCares Im not into the offer that you have now that 3months thing. I just wanna make a payment for regular sub. Why have Globe/Smart as a form of payment if i need a debit/credit card?
560984,560983,"@251266 Hi Henri! Help's here. Just to check, are you getting any error messages? A screenshot can be handy /AU",@115888 why to promote 99€/12mo campaign price on an app that leads to a landing page where I can't make the order? Ok don't take my money then... 🤔 bad #CX
1746283,1746285,"@221911 We apologize for any inconveniences and thanks for bearing with us. Hopefully, we'll have an update soon. For anything else, let us know /GU",@SpotifyCares  https://t.co/KH5y10zEI6
1514280,1514279,@471352 You're welcome! Let us know if you ever need us again. We'd be... https://t.co/LgAM6ky9Vv /EB,"@SpotifyCares Oh, okay. Thanks :("
2789310,2789311,@778582 1: @147836 Hey Douglas! We're passing on all comments about this to the right team.,@147836 There has been an ongoing Spotify community thread since 2013 about military and veterans not getting a discount. You there? lol
1926547,1926548,"@573354 1: Hi Jack! While we don't have plans to bring back the play queue right now, we're still testing, improving, and taking all feedback.",@SpotifyCares I'm also trying to shuffle my saved Songs (1100+) and still shuffle plays 8 songs from the same album or nearby on the list...
664574,664575,@278383 Hi Denric! Can you DM us your account's email address? We'll look into that for you /RR https://t.co/ldFdZRiNAt,"@SpotifyCares New problem: How do you fix the random alphanumeric username you get assigned? The signup asks ""what should we call"" but it didn't use it."
172440,172439,"@156295 Hey JT, help's here. We’d love to have all of Hopsin's albums available everywhere, but we have some info about content here: https://t.co/0i8GpimuDa. If you need anything else, let us know /AL",@116130 When does NO SHAME - Hopsin drop?
1105795,1105793,"@380957 Hey there! For more information about jobs, head here: https://t.co/c1Z94oBFOl. Hope that helps /DF",highkey @115888 needs to hire me! I rock w them so heavy 😩
1798367,1798368,"@381095 Yes, it's still available on the desktop app. We understand how you feel. Rest assured we've passed on your feedback to the right folks /RK","@SpotifyCares I'm fairly certain it's possible on desktop still, it was a great way to play a general genre rather than it's sub-genre-specific playlists"
350513,350512,@199391 Hey there! Licensing agreements can affect music availability. Hopefully we'll have it available soon /RS,"@SpotifyCares Please please please add Seo Taiji's Album ""Ultramania"" on spotify!!! did I say please?"
2917939,2917938,@807666 Hey there! Everything should be running smoothly now. Let us know if this is still happening /CE,What's wrong with @115888 ARGH https://t.co/FUfu34Tai2
111975,111974,@140869 We can see how that’d be useful! You can vote for the official idea here: https://t.co/Qpm2mg3U37 /MX,@SpotifyCares Why can’t I delete a song from a radio lost all together? The dislike button isn’t there for all songs.
374864,374865,@204889 @115888 We've just sent a DM your way. Let's carry on chatting there /MT,"Wow, the @115888 android app is getting worse and worse...thanks for that, guys."
929831,929833,@340612 Thanks. We'll get this reported. Great detective work! https://t.co/LpsmyUtme0 /,"@SpotifyCares It's nothing to do with the platform of which I'm using, you've not put the correct surname for the artist that I've tagged."
227497,227500,@170260 Best thing to try here is a reinstall. Just follow the steps at https://t.co/EqisDMwZAT. Let us know how it goes /AP,@SpotifyCares ...2/2: session. But opening Spotify later to use again had same problem. And again this morning.
2316888,2316886,@671756 Hey Connall! We've just sent a DM your way. Let's carry on chatting there /TC,@SpotifyCares I was trapping to young dolph and then ho gotti came on and I'm very annoyed give me Spotify premium for free
703168,703167,"@287979 Hey Hannah, that doesn't sound cool! Could you send us a DM with your account's email address? We'll take a look backstage /RK https://t.co/ldFdZRiNAt","@115888 I demand this atrocity you call ""daily mix 3"" is removed from my account asap. honestly I've never been so disgusted by a playlist. https://t.co/sVOtFu7R1u"
383398,383397,"@206832 Hey Roberto! We can help out in English via Twitter, but we also have Italian support via email at https://t.co/ZgU70TbP8M /DR","@SpotifyCares 
Ho un account family. Quello dei due miei familiari sono passati a Free. Cosa devo fare ?"
255601,255600,"@176788 Hi Luiz, help's here! Can you DM us your account's username and email address? We'll do some digging /WW https://t.co/ldFdZRiNAt",@SpotifyCares Hi. I moved from Germany to Canada but I can't change the country in my profile. It only shows USA or Germany as options...Thx
2218897,2218896,@398130 Hi Ruby! You should be able to get Spotify on your Mac. The requirements are here: https://t.co/eQeNrNnvlX /NY,@115888 @SpotifyCares hello why don’t u have an app for macbooks pls thanks x
2641140,2641138,"@745344 Hey! We’d love to have it available, but it all depends on licensing agreements: https://t.co/0i8GpimuDa. Fingers crossed we'll be able to have it soon /MC",@115888 where's red velvet's new album?
2028744,2028743,"@599942 Hey Andre, help's here! We don't offer phone support, but we'll help out here at Twitter. Can you DM us your account's email address? /AR https://t.co/ldFdZRiNAt",@117153 i need help with my premium !!!!
429651,429652,"@217182 Sorry to hear you feel that way. Rest assured, we're here if there's anything else. Have a https://t.co/fOHcTvQJC3 /LP",@SpotifyCares I doubt it
1507630,1507631,@469916 1: Hey there! Help's here. This looks like something for our friends in Artist...,"Ok @125633, I created the Twitter account. Can you verify me now? #myfirstTweet"
122102,122101,@143217 Hi there! We actually have a pretty nifty way of finding those tunes that have slipped our minds. Check out this infographic for a quick rundown. Stay awesome 🤘 /AV https://t.co/xyq8Ht5lQF,@SpotifyCares I’m talking like recently played for specific songs not just played playlist or artist of or from the song.
622833,622832,"@267837 Hey Erin, help's arrived! There's no need to cancel and start over. If you're already rocking out to Premium, you can reapply for the discount without losing that impressive music catalog. Head over to https://t.co/pFeBZLq1cj to get things going. Keep us updated /DI",@115888 is there a way to reapply for the student discount without canceling your premium account and starting over?
2082146,2082145,"@615773 Hey there, help's arrived! Could you send us a DM with your account's email address and username? We'll take a look backstage /RV https://t.co/ldFdZRiNAt",@SpotifyCares I wasn’t informed when my Spotify premium 3 month trial was about to run out so now I have £9.99 missing from my bank. Help.
1244052,1244051,@411865 No worries! Just give us a shout if the problem persists. We're... https://t.co/zOXI69QSqg /PB,"@SpotifyCares Logging out and back in seems to have worked for now, I’ll let you know if it happens again."
558583,558582,@250511 Hey Jade! Can you DM us the email address or username on you partner's account? We'll keep an eye out for it /LP https://t.co/ldFdZRiNAt,@SpotifyCares my partner got an email this morning saying his password on his account had changed when he hadn't changed it. He can no longer access his account... What do we do?
1521331,1521333,"@192190 We do our best, but sometimes agreements are ongoing, or can't be reached with the content provider. Let us know if you need us again /AK",@SpotifyCares Thanks but I'm certain that's not the case with all of these titles. To have rights to only half of a live album set makes no sense.
1725460,1725458,"@521850 Hey Tyler! Can you send us the Album Link? Just tap the three dots &gt; Share &gt; Copy Link. Also, what country is your account set to? /YM",Why did @115888 change Issa Album's order? Everything in whole new order bruh.
968298,968300,"@349854 We understand where you're coming from. Not to worry, we'll make sure to give our devs a nudge on your feedback /MT","@SpotifyCares I mean, it's even almost impossible to find a user in the platform anymore. I listen ALL DAY, for years, but cannot engage anything anymore."
2033375,2033374,"@601248 We're afraid we don't have any info to share on this, but we’ll have it available to you as soon as it’s available to us 🙂 /CH","Any possibility for your remix of @70788's ""Alive"" to be up on @115888?? @70789"
648683,648684,@274171 We understand your frustration. We'll be sure to pass your feedback on to the right folks. Let us know if we can help with anything else /LM,"@SpotifyCares Well please wrap it up already. I'm not sure why you'd remove important features from an already functional app, rendering it  100% useless"
2922434,2922436,@808779 Can you tell us what exactly would you want to happen with a play history? We'll see what we can suggest /AR,@SpotifyCares Is it possible to extend the play history?
620394,620395,@267248 Hmm. Could you try restarting your device by holding the Sleep/Wake + Home buttons for 10 seconds? Let us know how it goes /CH,"@SpotifyCares iPhone 6s Plus, iOS 11.1.2, Spotify 8.4.28.1104"
2716512,2716511,@762520 Hey Michael! The cavalry's here. Could you DM us your account's email address? We'll take a look under the hood /KB,"@SpotifyCares I'm trying to renew my student premium subscription, but I keep getting an error when I enter my information. Any ideas?"
233147,233146,@171496 You're welcome 💚 Enjoy your music! /CX,@SpotifyCares thank you 💖💖
2291111,2291112,@665462 Hmm. Does logging out and restarting your device help? Let us know how it goes /RC,@SpotifyCares Nope just crashes goes back to home screen
2552637,2552638,"@725061 We understand. If you need help with anything else, just give us a shout. Otherwise, have a... https://t.co/FQulrDtFky 😉 /GU",@SpotifyCares I hope so. It's my favorite album 😔
1806827,1806826,"@542836 Hey! You can contact our Artist team here: https://t.co/p1wbtdELHu! If you've reached out, DM us your email address &amp; we'll chase it up /NY https://t.co/ldFdZRiNAt",@115888 i need help accessing my artist account
647114,647113,"@273704 Hey Guillaume! At this time, we’re not able to offer trials in Quebec due to circumstances outside our control. We hope to be able to make it available in the future /VV",@115888 Really? Premium offers not available in Quebec? I guess you don't want my money.
1144396,1144397,@389356 1: Hey there! It’s not currently possible to pay for the student discount with prepaid credits.,@115888 @148611 pls. Add payment through load prepaid. Some of us students here in the Philippines don't have any credit cards. ☺☺ https://t.co/Osoj2X4ahQ
2684252,2684254,@133574 Alright. Does logging out &gt; restarting your phone &gt; logging back in to your account make a difference? /DV,"@SpotifyCares Nope - still has same issue - So I play music, switch to YouTube App, start watching a video, that takes over the speakers (as it should), switch back to Spotify and press play, it suggests it is playing but nothing comes out."
622836,622835,"@267839 Hi Nicole! Can you let us know your device, OS, and the version of Spotify you're using? Also, a screenshot of how things are looking on your end would be really helpful /KA","@SpotifyCares This Waze thing keeps popping up on my Spotify page and no matter what I do it won't go away! I've tried connecting it and I've tried turning it off, but it comes right back! Please help. Thanks."
966761,966760,"@349446 We hear you, Ivan! Your feedback has been noted and passed onto the team 👊🏼 /RA",can y'all please collaborate or something. @115888 @2293
1006163,1006164,"@358138 1. Hey there, great question! At the moment, Spotify account's are only able to listen to music on one device at a time.","Hi @SpotifyCares, when you pay for Premium can't you listen on 2 different devices at the same time? Thanks"
1347527,1347526,"@434248 Hey, help's here! Does restarting your device make a difference? Keep us in the loop /DB",Anyone else getting this weird little text bar at the bottom of their Spotify app screen? https://t.co/ATto3ZHlW8
2782157,2782159,"@776952 We hear you! We're launching in new countries as often as possible. If you need anything else, just give us a shout 🙂 /BX","@SpotifyCares I hope it’s gonna be available the next few days, please make this possible. Thank you 🙏🏻"
1198664,1198666,"@401642 Can you let us know the device, OS, and Spotify version you're using? We'll see what we can suggest /JN","@SpotifyCares funnily enough no, none. its like spotify freezes it just stops playing music until i click on something else. thanks for the reply"
30605,928394,"@340286 Hey there, help's here! Can you DM us your account's username? We'll take a look backstage 🙂 /CG https://t.co/ldFdZRiNAt",@117153 My account __email__ is still on the free version but paid already
582199,582198,@257235 Hey! Could you confirm the Windows version you're using? We'll see what we can suggest /RC,@115888 SOS please https://t.co/L0UKXhHMyj
2972073,2972074,"@819735 Thanks! If possible, can you to head to a desktop &gt; use incognito window &gt; log in to https://t.co/JngmWaWjDG &gt; 'Go To Hulu' &gt; and follow the steps to link your account? Let us know how it goes /RB","@SpotifyCares I’m trying to connect my student premium account to my Hulu, and I keep getting this same error message. Super frustrating since Hulu access is one of the big reasons I subscribed. Help?? https://t.co/mUb1xjXpaf"
1507421,1507420,"@469872 We hear you loud and clear, Tyler! We can’t make any promises but we’ll pass your feedback onto the right folks /K",@115888 you should update your new releases page on the hourly. I hate needing to wait untill 9 am of every Friday to see the new releases
1810979,1810978,"@544093 Hey Santino! We're here to help. Could you DM us your account's email address, along with a little info on what's happening? /LM https://t.co/ldFdZRiNAt",@SpotifyCares i have an issue with my account
1730850,1730848,@522995 Hi Karlo! What seems to be the issue? Are you having any issues with the app? We'll see what we can suggest /NY,updaaaate please! @SpotifyCares
2012889,2012888,"@595187 Hey, we're sorry to hear that! Check out the steps under “Downloads unexpectedly removed” at https://t.co/38J7tFlIBF. We hope this helps /SJ","Yo, @115888. Please stop unsaving albums from my library. 

Thanks."
1781580,1781579,@402861 Hey! What's the name of the missing playlist? Can you DM us your account's email address or username? We'll take a look backstage /NQ https://t.co/ldFdZRiNAt,@SpotifyCares I made a playlist secret but now can't seem to find it anywhere. How do I access it again?
925107,925105,@339527 Hey Jay! You can show your support for ads that are better suited to you by voting here: https://t.co/K6XELyTf62 /TF,"I love @115888, but I wish you could skip/remove specific ads. I'm so tired of the pathetically gendered ""Krud Kutter"" ads for manly men."
1055023,1055021,@369286 Hi there! What country is your account set to? We'll take a look backstage /AK,"@SpotifyCares can u add ""take the crown"" by robbie williams pls and thank u"
1101288,1101289,"@379837 Got it. We'd like to check all bases. If you could fire over your account's email address, that'd be great /AN",@SpotifyCares The unauthorized device logged out. I've since changed my passwords.
2865481,2865483,"@795901 We don't have any info to share at the moment, but fingers crossed we'll have it available soon. Give us a shout for anything else /JS","@SpotifyCares I ASKED ""WHEN"""
2175440,2175439,@637773 Hey! How can we help? We'll keep an eye out for your message /RC,We need to have a talk @SpotifyCares
568938,568939,"@253488 Awesome! We're glad that did the trick. If you ever need help with anything else, you know where to find us /QI",@SpotifyCares It did work thanks
345179,345178,@198121 @115888 Olá! Acabamos de responder a sua DM. Poderia dar uma olhada lá? /MW,@115888 Meus downloads sempre sao cancelados por haver mais de 3 dispositivos conectados a minha conta. Porém nao ha. Por favor solucionem
187802,187800,@160068 No worries! https://t.co/uEkAlnxbzn /GK,"@SpotifyCares I would have had 
If there was service in India 
😂
But seriously thanks for replying"
2783444,2783442,"@698122 Hey Meghan, cavalry's arrived! We'd suggest deleting your screenshot as it contains private info. Can you DM us instead? We'll see what we can suggest /PC https://t.co/ldFdZRiNAt",@SpotifyCares I also need to update my zip code and I don't see that option: https://t.co/NlsHAJbwCU
2027653,2027652,@599619 Hey! What happened exactly? Are your playlists missing or saved songs missing? It'd be great if you could tell us more about it /JE,@117153 Where's my tunes? :(
1055362,1055361,@369362 Thanks. We'll get this reported. Great detective work! https://t.co/LpsmyUtme0 /DR,@SpotifyCares https://t.co/Vk2PHrZHXS &lt;== this is secrets official. No idea wth this is ==&gt; https://t.co/bpNThePc3S
2288265,2288264,@664798 Hey there! Can you send us the Song Link? Just tap the three dots &gt; Share &gt; Copy Link /DF,@276220 @115888 i want original these girls back
2873767,2873766,"@797835 Hey, fire away! We'd love to hear about it. You can also send us a DM if that's what you prefer. Just click the link below /RH https://t.co/ldFdZRiNAt",@SpotifyCares @115888 If I have a golden idea to pitch to you guys how should I go about it? Because it’s like a really great idea.
1772026,1772024,"@532610 We hear you loud and clear, Jeff! We can’t make any promises but we’ll pass your feedback onto the right folks /RH",I wish that @115888 had a chat/comment function with the friend activity so you could be social about the songs your friends are listening to. The majority of the fun with listening to music is doing so with your people.
1597196,1597194,"@490650 Hi there, help's here. Can you let us know the device/OS and Spotify version you're using? We'll see what we can suggest /NY",@SpotifyCares can you tell me why i am not able to listen to King Krule on any device? 💔
2957846,2957845,@816411 Hi Craig. Can you let us know what operating system and Spotify versions you're using? We'll take a look backstage /XF,@115888 Works fine on iOS and Windows
1944640,1944638,"@279618 Hey there! Fingers crossed we'll be able to have it soon, but there's info about Spotify content here: https://t.co/0i8GpimuDa /NS","@115888 Can you release the Agust D and RM mixtapes on Spotify please! 

Ps. Thank you for releasing 'Change' by Wale &amp; RM on Spotify!"
2139049,2139047,@124332 We completely understand. Is this happening on any other devices as well? We'll keep an eye out for your reply /JI,@SpotifyCares I am talking about your desktop app for windows 10. It is really slow. Not restarting my comp for an app.
1978865,1978866,"@585890 2: on this, and we'll be sure to pass it on to the right folks. Let us know if we can help with anything else /LM","@115888 why is “Beat It” the only Michael Jackson song to have a Behind the Lyrics? Pls fix this, thank you ❤️"
891917,891916,"@331784 Hi Karmeno, help's here! Could you DM us your email address and username? We'll take a closer look /JQ https://t.co/ldFdZRiNAt",honestly @115888 this whole not loading shit is getting old
2236146,2236144,"@652151 Hey Easton! Don't worry, we're on it. Our developers are looking into this, and we'll keep everyone updated /MX",@SpotifyCares @115888 When we gonna get an update optimized for iPhone X ? Tired of those black bars at the top and bottom 😔😔
468342,468340,@226513 Hey there! Help's here. Can you DM us your account's email address? We'll take a look backstage /DD https://t.co/ldFdZRiNAt,@115888 ya'll should do a promo for people who have been paying for premium for years. where is my discount tho ?
2095107,2095106,@618963 Got it. Can you try logging out and back in again? Does that make any difference? /GK,"@SpotifyCares mac book pro 15"" 2016 model. spotify 1.0.65.320.gac7a8e02."
510533,510532,"@237296 Hi Neto, help's on the way! Could you DM us yours and your family member's usernames and email addresses? We'll see what we can suggest /JQ https://t.co/ldFdZRiNAt","@SpotifyCares I'm having issues adding a family member, I'm paying for premium and can't get proper support?"
293452,293451,@185897 Hey there. We can see how that’d be useful! You can vote for the official idea here: https://t.co/zUOvIQUsgI /QI,@115888 Can I expect a feature to turn a Queue into a playlist for Christmas this year? #GirlCanDream
1842228,1842227,@552070 Hey Anna! Could you send us a DM with your account's email address or username? We'll take a look backstage /MA https://t.co/ldFdZRiNAt,@115888 @115940 I signed up for your student bundle and it charged my card but isn’t letting me sign in???
482462,482461,@229743 Hey Ian! We've just sent a DM your way. Let's carry on chatting there /PK,@SpotifyCares please can you help -  my premium account has stopped working today and your system doesn’t seem to recognise my user name or email address - I’ve tried your contact for but it appears you need to log in to use it.  #missingmymusic 😞
89556,89555,@135370 Hey there! The cavalry's here. Best thing to try here is a clean reinstall. Just follow the steps at https://t.co/PDA2aKzC6Q. Let us know how it goes /KB,"@115888 your latest update 1.0.69.323 is crashing during install, and will no longer let me launch the program. Please help! Music is what I need to keep my sanity ;) I’m using windows 7"
2042888,2042887,@604105 Hey Zoe! Could you send us a DM with your account's email address or username? We'll take a look backstage /FR https://t.co/ldFdZRiNAt,@SpotifyCares why has all my playlist &amp; radio stations been completely wiped  from my account???? And how can I get them back???😡😡😡😡😡
2284260,2284259,"@663803 Hey Jean! We can help out in English via Twitter, but we also have French support via email at https://t.co/ZgU70TbP8M /BM",Bonjour @127637 @SpotifyCares j'ai toujours le problème spotiamb qui coupe mes lectures inopinément et mes lectures qui se mettent en pause toute seule. C'est extrêmement désagréable. Y'aura-t-il une maj rapidement ?
1386905,1386904,@442721 Thanks. Can you try logging out &gt; restarting your phone &gt; logging back in? Let us know if that makes a difference /RH,@SpotifyCares  https://t.co/tBtLxE80BR
2734646,2734645,"@766435 Hey there! Sorry to hear Discover Weekly wasn’t to your liking this week. Rest assured, it'll be re-tuned on Monday /JI",why @115888 https://t.co/kX023HhPFd
1695267,1695266,"@514336 Hey! Don't worry, we're on it. Our developers are looking into this, and we'll keep everyone updated /DF",Hey @SpotifyCares is your account page of the website down at the min? Can’t access and getting this screen: https://t.co/TJOjeZVQ8z
2311096,2311095,"@670268 Hey, that doesn't sound good! Can you DM us your account's username or email address? We'll take a look /YM https://t.co/ldFdZRiNAt",@SpotifyCares you all randomly terminated my joint hulu account. I would really like it back please.
2246486,2246484,"@190516 Hi there. We understand, and we’re currently working on it as we speak. Stay tuned! /LM",@115888 can you update for iPhone X support please?
1802149,1802148,@541497 Hey there! Can you DM us any usernames or email addresses you may have used to create an account? We'll check backstage /HC https://t.co/ldFdZRiNAt,"@115888 hi, I seem to have forgotten my username/ email address for my Spotify account how do I go about sorting this out? Thanks"
2574074,2574073,@729958 Hey there! Sometimes content gets temporarily removed because of licensing changes. Hopefully we'll have it available again soon /TB,@115888 y'all better put take care back
